{
    "counter": {
        "ACTIVE": 65587,
        "INACTIVE": 79185,
        "INVALID": 5,
        "MALICIOUS": 0,
        "SANE": 0,
        "VALID": 0,
        "total": 144777
    },
    "percentage": {
        "ACTIVE": 45.30427574773779,
        "INACTIVE": 54.69446113678278,
        "INVALID": 0.004885913910196903,
        "MALICIOUS": 0,
        "SANE": 0,
        "VALID": 0,
        "total": 100.00362279843077
    }
}