{
    "counter": {
        "ACTIVE": 101565,
        "INACTIVE": 104993,
        "INVALID": 6,
        "MALICIOUS": 0,
        "SANE": 0,
        "VALID": 0,
        "total": 206564
    },
    "percentage": {
        "ACTIVE": 49.16878062004996,
        "INACTIVE": 50.82880684733881,
        "INVALID": 0.003086832601068044,
        "MALICIOUS": 0,
        "SANE": 0,
        "VALID": 0,
        "total": 100.00067429998984
    }
}