{
    "counter": {
        "ACTIVE": 72921,
        "INACTIVE": 90346,
        "INVALID": 5,
        "MALICIOUS": 0,
        "SANE": 0,
        "VALID": 0,
        "total": 163272
    },
    "percentage": {
        "ACTIVE": 44.662554893398095,
        "INACTIVE": 55.334656279092556,
        "INVALID": 0.004885913910196903,
        "MALICIOUS": 0,
        "SANE": 0,
        "VALID": 0,
        "total": 100.00209708640085
    }
}