{
    "counter": {
        "ACTIVE": 82585,
        "INACTIVE": 99995,
        "INVALID": 5,
        "MALICIOUS": 0,
        "SANE": 0,
        "VALID": 0,
        "total": 182585
    },
    "percentage": {
        "ACTIVE": 45.230988306816,
        "INACTIVE": 54.7998882026382,
        "INVALID": 0.004885913910196903,
        "MALICIOUS": 0,
        "SANE": 0,
        "VALID": 0,
        "total": 100.0357624233644
    }
}