{
    "counter": {
        "ACTIVE": 93512,
        "INACTIVE": 102927,
        "INVALID": 6,
        "MALICIOUS": 0,
        "SANE": 0,
        "VALID": 0,
        "total": 196445
    },
    "percentage": {
        "ACTIVE": 47.6021278220367,
        "INACTIVE": 52.40842388260334,
        "INVALID": 0.003086832601068044,
        "MALICIOUS": 0,
        "SANE": 0,
        "VALID": 0,
        "total": 100.0136385372411
    }
}