{
    "counter": {
        "ACTIVE": 9453,
        "INACTIVE": 23681,
        "INVALID": 1,
        "MALICIOUS": 0,
        "SANE": 0,
        "VALID": 0,
        "total": 33135
    },
    "percentage": {
        "ACTIVE": 28.95075339948548,
        "INACTIVE": 71.46823600422513,
        "INVALID": 0.0031370580669448193,
        "MALICIOUS": 0,
        "SANE": 0,
        "VALID": 0,
        "total": 100.42212646177755
    }
}