{
    "counter": {
        "ACTIVE": 14794,
        "INACTIVE": 40644,
        "INVALID": 2,
        "MALICIOUS": 0,
        "SANE": 0,
        "VALID": 0,
        "total": 55440
    },
    "percentage": {
        "ACTIVE": 26.742588575560376,
        "INACTIVE": 73.31168831168831,
        "INVALID": 0.005313778627982358,
        "MALICIOUS": 0,
        "SANE": 0,
        "VALID": 0,
        "total": 100.05959066587667
    }
}