{
    "counter": {
        "ACTIVE": 57466,
        "INACTIVE": 71946,
        "INVALID": 5,
        "MALICIOUS": 0,
        "SANE": 0,
        "VALID": 0,
        "total": 129417
    },
    "percentage": {
        "ACTIVE": 44.405121587475755,
        "INACTIVE": 55.592387398873406,
        "INVALID": 0.004885913910196903,
        "MALICIOUS": 0,
        "SANE": 0,
        "VALID": 0,
        "total": 100.00239490025936
    }
}