{
    "counter": {
        "ACTIVE": 39016,
        "INACTIVE": 63105,
        "INVALID": 4,
        "MALICIOUS": 0,
        "SANE": 0,
        "VALID": 0,
        "total": 102125
    },
    "percentage": {
        "ACTIVE": 38.20565799394836,
        "INACTIVE": 61.791921664626685,
        "INVALID": 0.004526935264825713,
        "MALICIOUS": 0,
        "SANE": 0,
        "VALID": 0,
        "total": 100.00210659383986
    }
}