{
    "counter": {
        "ACTIVE": 10941,
        "INACTIVE": 28111,
        "INVALID": 2,
        "MALICIOUS": 0,
        "SANE": 0,
        "VALID": 0,
        "total": 39054
    },
    "percentage": {
        "ACTIVE": 28.076163104005747,
        "INACTIVE": 71.97982280944333,
        "INVALID": 0.005313778627982358,
        "MALICIOUS": 0,
        "SANE": 0,
        "VALID": 0,
        "total": 100.06129969207706
    }
}