{
    "counter": {
        "ACTIVE": 35300,
        "INACTIVE": 54767,
        "INVALID": 4,
        "MALICIOUS": 0,
        "SANE": 0,
        "VALID": 0,
        "total": 90071
    },
    "percentage": {
        "ACTIVE": 39.191304637452674,
        "INACTIVE": 60.875896181848496,
        "INVALID": 0.004526935264825713,
        "MALICIOUS": 0,
        "SANE": 0,
        "VALID": 0,
        "total": 100.071727754566
    }
}