{
    "counter": {
        "ACTIVE": 8658,
        "INACTIVE": 17623,
        "INVALID": 0,
        "MALICIOUS": 0,
        "SANE": 0,
        "VALID": 0,
        "total": 26281
    },
    "percentage": {
        "ACTIVE": 32.964020559680186,
        "INACTIVE": 67.05604809558236,
        "INVALID": 0,
        "MALICIOUS": 0,
        "SANE": 0,
        "VALID": 0,
        "total": 100.02006865526255
    }
}