{
    "counter": {
        "ACTIVE": 82081,
        "INACTIVE": 98346,
        "INVALID": 5,
        "MALICIOUS": 0,
        "SANE": 0,
        "VALID": 0,
        "total": 180432
    },
    "percentage": {
        "ACTIVE": 45.493897639977384,
        "INACTIVE": 54.50585262037776,
        "INVALID": 0.004885913910196903,
        "MALICIOUS": 0,
        "SANE": 0,
        "VALID": 0,
        "total": 100.00463617426534
    }
}