{
    "counter": {
        "ACTIVE": 82393,
        "INACTIVE": 99599,
        "INVALID": 5,
        "MALICIOUS": 0,
        "SANE": 0,
        "VALID": 0,
        "total": 181997
    },
    "percentage": {
        "ACTIVE": 45.288297696916395,
        "INACTIVE": 54.72562734550569,
        "INVALID": 0.004885913910196903,
        "MALICIOUS": 0,
        "SANE": 0,
        "VALID": 0,
        "total": 100.01881095633229
    }
}