{
    "counter": {
        "ACTIVE": 53058,
        "INACTIVE": 69953,
        "INVALID": 5,
        "MALICIOUS": 0,
        "SANE": 0,
        "VALID": 0,
        "total": 123016
    },
    "percentage": {
        "ACTIVE": 43.13097483254211,
        "INACTIVE": 56.86727203258245,
        "INVALID": 0.004885913910196903,
        "MALICIOUS": 0,
        "SANE": 0,
        "VALID": 0,
        "total": 100.00313277903476
    }
}