{
    "counter": {
        "ACTIVE": 14221,
        "INACTIVE": 38859,
        "INVALID": 2,
        "MALICIOUS": 0,
        "SANE": 0,
        "VALID": 0,
        "total": 53082
    },
    "percentage": {
        "ACTIVE": 26.792140017709453,
        "INACTIVE": 73.20560642025545,
        "INVALID": 0.005313778627982358,
        "MALICIOUS": 0,
        "SANE": 0,
        "VALID": 0,
        "total": 100.00306021659289
    }
}