{
    "counter": {
        "ACTIVE": 11679,
        "INACTIVE": 30407,
        "INVALID": 2,
        "MALICIOUS": 0,
        "SANE": 0,
        "VALID": 0,
        "total": 42088
    },
    "percentage": {
        "ACTIVE": 27.76219454216982,
        "INACTIVE": 72.24624596084395,
        "INVALID": 0.005313778627982358,
        "MALICIOUS": 0,
        "SANE": 0,
        "VALID": 0,
        "total": 100.01375428164175
    }
}