{
    "counter": {
        "ACTIVE": 9763,
        "INACTIVE": 24212,
        "INVALID": 1,
        "MALICIOUS": 0,
        "SANE": 0,
        "VALID": 0,
        "total": 33976
    },
    "percentage": {
        "ACTIVE": 28.743449331684626,
        "INACTIVE": 71.26206734165294,
        "INVALID": 0.0031370580669448193,
        "MALICIOUS": 0,
        "SANE": 0,
        "VALID": 0,
        "total": 100.00865373140451
    }
}