{
    "counter": {
        "ACTIVE": 85379,
        "INACTIVE": 101087,
        "INVALID": 5,
        "MALICIOUS": 0,
        "SANE": 0,
        "VALID": 0,
        "total": 186471
    },
    "percentage": {
        "ACTIVE": 45.78674431949204,
        "INACTIVE": 54.210865018501636,
        "INVALID": 0.004885913910196903,
        "MALICIOUS": 0,
        "SANE": 0,
        "VALID": 0,
        "total": 100.00249525190388
    }
}