{
    "counter": {
        "ACTIVE": 6240,
        "INACTIVE": 9612,
        "INVALID": 0,
        "MALICIOUS": 0,
        "SANE": 0,
        "VALID": 0,
        "total": 15852
    },
    "percentage": {
        "ACTIVE": 39.38399394092401,
        "INACTIVE": 60.635881907645725,
        "INVALID": 0,
        "MALICIOUS": 0,
        "SANE": 0,
        "VALID": 0,
        "total": 100.01987584856974
    }
}