{
    "counter": {
        "ACTIVE": 39916,
        "INACTIVE": 64310,
        "INVALID": 5,
        "MALICIOUS": 0,
        "SANE": 0,
        "VALID": 0,
        "total": 104231
    },
    "percentage": {
        "ACTIVE": 38.29754571795905,
        "INACTIVE": 61.69949439226334,
        "INVALID": 0.004885913910196903,
        "MALICIOUS": 0,
        "SANE": 0,
        "VALID": 0,
        "total": 100.0019260241326
    }
}