{
    "counter": {
        "ACTIVE": 14263,
        "INACTIVE": 39360,
        "INVALID": 2,
        "MALICIOUS": 0,
        "SANE": 0,
        "VALID": 0,
        "total": 53625
    },
    "percentage": {
        "ACTIVE": 26.799068054563904,
        "INACTIVE": 73.3986013986014,
        "INVALID": 0.005313778627982358,
        "MALICIOUS": 0,
        "SANE": 0,
        "VALID": 0,
        "total": 100.20298323179328
    }
}