{
    "counter": {
        "ACTIVE": 12671,
        "INACTIVE": 34934,
        "INVALID": 2,
        "MALICIOUS": 0,
        "SANE": 0,
        "VALID": 0,
        "total": 47607
    },
    "percentage": {
        "ACTIVE": 26.617511133518192,
        "INACTIVE": 73.37996513117818,
        "INVALID": 0.005313778627982358,
        "MALICIOUS": 0,
        "SANE": 0,
        "VALID": 0,
        "total": 100.00279004332435
    }
}