{
    "counter": {
        "ACTIVE": 2396,
        "INACTIVE": 5704,
        "INVALID": 0,
        "MALICIOUS": 0,
        "SANE": 0,
        "VALID": 0,
        "total": 8100
    },
    "percentage": {
        "ACTIVE": 29.642459482865274,
        "INACTIVE": 70.41975308641975,
        "INVALID": 0,
        "MALICIOUS": 0,
        "SANE": 0,
        "VALID": 0,
        "total": 100.06221256928502
    }
}