{
    "counter": {
        "ACTIVE": 60292,
        "INACTIVE": 74465,
        "INVALID": 5,
        "MALICIOUS": 0,
        "SANE": 0,
        "VALID": 0,
        "total": 134762
    },
    "percentage": {
        "ACTIVE": 44.73961502500705,
        "INACTIVE": 55.25954510036733,
        "INVALID": 0.004885913910196903,
        "MALICIOUS": 0,
        "SANE": 0,
        "VALID": 0,
        "total": 100.00404603928457
    }
}