{
    "counter": {
        "ACTIVE": 93825,
        "INACTIVE": 102991,
        "INVALID": 6,
        "MALICIOUS": 0,
        "SANE": 0,
        "VALID": 0,
        "total": 196822
    },
    "percentage": {
        "ACTIVE": 47.67070252363847,
        "INACTIVE": 52.326975642966744,
        "INVALID": 0.003086832601068044,
        "MALICIOUS": 0,
        "SANE": 0,
        "VALID": 0,
        "total": 100.00076499920628
    }
}