{
    "counter": {
        "ACTIVE": 76956,
        "INACTIVE": 94323,
        "INVALID": 5,
        "MALICIOUS": 0,
        "SANE": 0,
        "VALID": 0,
        "total": 171284
    },
    "percentage": {
        "ACTIVE": 44.92889003059246,
        "INACTIVE": 55.07108451320975,
        "INVALID": 0.004885913910196903,
        "MALICIOUS": 0,
        "SANE": 0,
        "VALID": 0,
        "total": 100.00486045771241
    }
}