{
    "counter": {
        "ACTIVE": 73509,
        "INACTIVE": 91752,
        "INVALID": 5,
        "MALICIOUS": 0,
        "SANE": 0,
        "VALID": 0,
        "total": 165266
    },
    "percentage": {
        "ACTIVE": 44.48135642449987,
        "INACTIVE": 55.51777135042901,
        "INVALID": 0.004885913910196903,
        "MALICIOUS": 0,
        "SANE": 0,
        "VALID": 0,
        "total": 100.00401368883908
    }
}