{
    "counter": {
        "ACTIVE": 8759,
        "INACTIVE": 18220,
        "INVALID": 0,
        "MALICIOUS": 0,
        "SANE": 0,
        "VALID": 0,
        "total": 26979
    },
    "percentage": {
        "ACTIVE": 33.01918799713499,
        "INACTIVE": 67.53400793209534,
        "INVALID": 0,
        "MALICIOUS": 0,
        "SANE": 0,
        "VALID": 0,
        "total": 100.55319592923033
    }
}