{
    "counter": {
        "ACTIVE": 80886,
        "INACTIVE": 95838,
        "INVALID": 5,
        "MALICIOUS": 0,
        "SANE": 0,
        "VALID": 0,
        "total": 176729
    },
    "percentage": {
        "ACTIVE": 45.781591369610254,
        "INACTIVE": 54.22879097375077,
        "INVALID": 0.004885913910196903,
        "MALICIOUS": 0,
        "SANE": 0,
        "VALID": 0,
        "total": 100.01526825727122
    }
}