{
    "counter": {
        "ACTIVE": 16236,
        "INACTIVE": 43335,
        "INVALID": 2,
        "MALICIOUS": 0,
        "SANE": 0,
        "VALID": 0,
        "total": 59573
    },
    "percentage": {
        "ACTIVE": 27.266773028801747,
        "INACTIVE": 72.74268544474846,
        "INVALID": 0.005313778627982358,
        "MALICIOUS": 0,
        "SANE": 0,
        "VALID": 0,
        "total": 100.01477225217819
    }
}