{
    "counter": {
        "ACTIVE": 59305,
        "INACTIVE": 73290,
        "INVALID": 5,
        "MALICIOUS": 0,
        "SANE": 0,
        "VALID": 0,
        "total": 132600
    },
    "percentage": {
        "ACTIVE": 44.72675988355431,
        "INACTIVE": 55.27149321266968,
        "INVALID": 0.004885913910196903,
        "MALICIOUS": 0,
        "SANE": 0,
        "VALID": 0,
        "total": 100.00313901013419
    }
}