{
    "counter": {
        "ACTIVE": 30843,
        "INACTIVE": 53498,
        "INVALID": 3,
        "MALICIOUS": 0,
        "SANE": 0,
        "VALID": 0,
        "total": 84344
    },
    "percentage": {
        "ACTIVE": 36.56896919684143,
        "INACTIVE": 63.42834107938917,
        "INVALID": 0.004345810638544443,
        "MALICIOUS": 0,
        "SANE": 0,
        "VALID": 0,
        "total": 100.00165608686913
    }
}