{
    "counter": {
        "ACTIVE": 90706,
        "INACTIVE": 102445,
        "INVALID": 5,
        "MALICIOUS": 0,
        "SANE": 0,
        "VALID": 0,
        "total": 193156
    },
    "percentage": {
        "ACTIVE": 46.959970179543994,
        "INACTIVE": 53.038265002355644,
        "INVALID": 0.004885913910196903,
        "MALICIOUS": 0,
        "SANE": 0,
        "VALID": 0,
        "total": 100.00312109580985
    }
}