{
    "counter": {
        "ACTIVE": 6821,
        "INACTIVE": 13065,
        "INVALID": 0,
        "MALICIOUS": 0,
        "SANE": 0,
        "VALID": 0,
        "total": 19886
    },
    "percentage": {
        "ACTIVE": 34.5507040826664,
        "INACTIVE": 65.6994870763351,
        "INVALID": 0,
        "MALICIOUS": 0,
        "SANE": 0,
        "VALID": 0,
        "total": 100.2501911590015
    }
}