{
    "counter": {
        "ACTIVE": 84102,
        "INACTIVE": 100536,
        "INVALID": 5,
        "MALICIOUS": 0,
        "SANE": 0,
        "VALID": 0,
        "total": 184643
    },
    "percentage": {
        "ACTIVE": 45.54843671300834,
        "INACTIVE": 54.47865526546802,
        "INVALID": 0.004885913910196903,
        "MALICIOUS": 0,
        "SANE": 0,
        "VALID": 0,
        "total": 100.03197789238656
    }
}