{
    "counter": {
        "ACTIVE": 6209,
        "INACTIVE": 9281,
        "INVALID": 0,
        "MALICIOUS": 0,
        "SANE": 0,
        "VALID": 0,
        "total": 15490
    },
    "percentage": {
        "ACTIVE": 40.730779323012335,
        "INACTIVE": 59.91607488702389,
        "INVALID": 0,
        "MALICIOUS": 0,
        "SANE": 0,
        "VALID": 0,
        "total": 100.64685421003622
    }
}