{
    "counter": {
        "ACTIVE": 76845,
        "INACTIVE": 94265,
        "INVALID": 5,
        "MALICIOUS": 0,
        "SANE": 0,
        "VALID": 0,
        "total": 171115
    },
    "percentage": {
        "ACTIVE": 44.908657386303865,
        "INACTIVE": 55.088683049411216,
        "INVALID": 0.004885913910196903,
        "MALICIOUS": 0,
        "SANE": 0,
        "VALID": 0,
        "total": 100.00222634962527
    }
}