{
    "counter": {
        "ACTIVE": 103754,
        "INACTIVE": 105913,
        "INVALID": 6,
        "MALICIOUS": 0,
        "SANE": 0,
        "VALID": 0,
        "total": 209673
    },
    "percentage": {
        "ACTIVE": 49.52623715350871,
        "INACTIVE": 50.51341851359021,
        "INVALID": 0.003086832601068044,
        "MALICIOUS": 0,
        "SANE": 0,
        "VALID": 0,
        "total": 100.04274249969998
    }
}