{
    "counter": {
        "ACTIVE": 64381,
        "INACTIVE": 76372,
        "INVALID": 5,
        "MALICIOUS": 0,
        "SANE": 0,
        "VALID": 0,
        "total": 140758
    },
    "percentage": {
        "ACTIVE": 45.75341297534698,
        "INACTIVE": 54.257662086702,
        "INVALID": 0.004885913910196903,
        "MALICIOUS": 0,
        "SANE": 0,
        "VALID": 0,
        "total": 100.01596097595917
    }
}