{
    "counter": {
        "ACTIVE": 91560,
        "INACTIVE": 102644,
        "INVALID": 5,
        "MALICIOUS": 0,
        "SANE": 0,
        "VALID": 0,
        "total": 194209
    },
    "percentage": {
        "ACTIVE": 47.145085964090235,
        "INACTIVE": 52.938203348221194,
        "INVALID": 0.004885913910196903,
        "MALICIOUS": 0,
        "SANE": 0,
        "VALID": 0,
        "total": 100.08817522622162
    }
}