{
    "counter": {
        "ACTIVE": 6649,
        "INACTIVE": 10494,
        "INVALID": 0,
        "MALICIOUS": 0,
        "SANE": 0,
        "VALID": 0,
        "total": 17143
    },
    "percentage": {
        "ACTIVE": 38.855773726040205,
        "INACTIVE": 61.214489879251005,
        "INVALID": 0,
        "MALICIOUS": 0,
        "SANE": 0,
        "VALID": 0,
        "total": 100.07026360529122
    }
}