{
    "counter": {
        "ACTIVE": 9211,
        "INACTIVE": 21668,
        "INVALID": 0,
        "MALICIOUS": 0,
        "SANE": 0,
        "VALID": 0,
        "total": 30879
    },
    "percentage": {
        "ACTIVE": 29.89128671101736,
        "INACTIVE": 70.17066614851517,
        "INVALID": 0,
        "MALICIOUS": 0,
        "SANE": 0,
        "VALID": 0,
        "total": 100.06195285953252
    }
}