{
    "counter": {
        "ACTIVE": 51060,
        "INACTIVE": 68430,
        "INVALID": 5,
        "MALICIOUS": 0,
        "SANE": 0,
        "VALID": 0,
        "total": 119495
    },
    "percentage": {
        "ACTIVE": 42.72982133143646,
        "INACTIVE": 57.26647363047517,
        "INVALID": 0.004885913910196903,
        "MALICIOUS": 0,
        "SANE": 0,
        "VALID": 0,
        "total": 100.00118087582183
    }
}