{
    "counter": {
        "ACTIVE": 65834,
        "INACTIVE": 80469,
        "INVALID": 5,
        "MALICIOUS": 0,
        "SANE": 0,
        "VALID": 0,
        "total": 146308
    },
    "percentage": {
        "ACTIVE": 45.010084435784364,
        "INACTIVE": 54.99972660415015,
        "INVALID": 0.004885913910196903,
        "MALICIOUS": 0,
        "SANE": 0,
        "VALID": 0,
        "total": 100.0146969538447
    }
}