{
    "counter": {
        "ACTIVE": 45363,
        "INACTIVE": 65724,
        "INVALID": 5,
        "MALICIOUS": 0,
        "SANE": 0,
        "VALID": 0,
        "total": 111092
    },
    "percentage": {
        "ACTIVE": 40.83372340042487,
        "INACTIVE": 59.17509251172716,
        "INVALID": 0.004885913910196903,
        "MALICIOUS": 0,
        "SANE": 0,
        "VALID": 0,
        "total": 100.01370182606223
    }
}