{
    "counter": {
        "ACTIVE": 8759,
        "INACTIVE": 19665,
        "INVALID": 0,
        "MALICIOUS": 0,
        "SANE": 0,
        "VALID": 0,
        "total": 28424
    },
    "percentage": {
        "ACTIVE": 33.01918799713499,
        "INACTIVE": 69.18449197860963,
        "INVALID": 0,
        "MALICIOUS": 0,
        "SANE": 0,
        "VALID": 0,
        "total": 102.20367997574462
    }
}