{
    "counter": {
        "ACTIVE": 5790,
        "INACTIVE": 8427,
        "INVALID": 0,
        "MALICIOUS": 0,
        "SANE": 0,
        "VALID": 0,
        "total": 14217
    },
    "percentage": {
        "ACTIVE": 41.12215909090909,
        "INACTIVE": 59.274108461700784,
        "INVALID": 0,
        "MALICIOUS": 0,
        "SANE": 0,
        "VALID": 0,
        "total": 100.39626755260988
    }
}