{
    "counter": {
        "ACTIVE": 71087,
        "INACTIVE": 87436,
        "INVALID": 5,
        "MALICIOUS": 0,
        "SANE": 0,
        "VALID": 0,
        "total": 158528
    },
    "percentage": {
        "ACTIVE": 44.84192067016552,
        "INACTIVE": 55.15596909004889,
        "INVALID": 0.004885913910196903,
        "MALICIOUS": 0,
        "SANE": 0,
        "VALID": 0,
        "total": 100.0027756741246
    }
}