{
    "counter": {
        "ACTIVE": 103868,
        "INACTIVE": 105981,
        "INVALID": 6,
        "MALICIOUS": 0,
        "SANE": 0,
        "VALID": 0,
        "total": 209855
    },
    "percentage": {
        "ACTIVE": 49.495127588096544,
        "INACTIVE": 50.50706749144562,
        "INVALID": 0.003086832601068044,
        "MALICIOUS": 0,
        "SANE": 0,
        "VALID": 0,
        "total": 100.00528191214323
    }
}