{
    "counter": {
        "ACTIVE": 83952,
        "INACTIVE": 100532,
        "INVALID": 5,
        "MALICIOUS": 0,
        "SANE": 0,
        "VALID": 0,
        "total": 184489
    },
    "percentage": {
        "ACTIVE": 45.505152068687025,
        "INACTIVE": 54.5060235738064,
        "INVALID": 0.004885913910196903,
        "MALICIOUS": 0,
        "SANE": 0,
        "VALID": 0,
        "total": 100.01606155640363
    }
}