{
    "counter": {
        "ACTIVE": 92416,
        "INACTIVE": 102828,
        "INVALID": 6,
        "MALICIOUS": 0,
        "SANE": 0,
        "VALID": 0,
        "total": 195250
    },
    "percentage": {
        "ACTIVE": 47.33213828425096,
        "INACTIVE": 52.66802569171985,
        "INVALID": 0.003086832601068044,
        "MALICIOUS": 0,
        "SANE": 0,
        "VALID": 0,
        "total": 100.00325080857188
    }
}