{
    "counter": {
        "ACTIVE": 66340,
        "INACTIVE": 82427,
        "INVALID": 5,
        "MALICIOUS": 0,
        "SANE": 0,
        "VALID": 0,
        "total": 148772
    },
    "percentage": {
        "ACTIVE": 44.69145782807868,
        "INACTIVE": 55.404914903342025,
        "INVALID": 0.004885913910196903,
        "MALICIOUS": 0,
        "SANE": 0,
        "VALID": 0,
        "total": 100.1012586453309
    }
}