{
    "counter": {
        "ACTIVE": 9884,
        "INACTIVE": 24515,
        "INVALID": 1,
        "MALICIOUS": 0,
        "SANE": 0,
        "VALID": 0,
        "total": 34400
    },
    "percentage": {
        "ACTIVE": 28.760984694174475,
        "INACTIVE": 71.26453488372093,
        "INVALID": 0.0031370580669448193,
        "MALICIOUS": 0,
        "SANE": 0,
        "VALID": 0,
        "total": 100.02865663596235
    }
}