{
    "counter": {
        "ACTIVE": 30632,
        "INACTIVE": 53441,
        "INVALID": 3,
        "MALICIOUS": 0,
        "SANE": 0,
        "VALID": 0,
        "total": 84076
    },
    "percentage": {
        "ACTIVE": 36.43370284028736,
        "INACTIVE": 63.57331493421522,
        "INVALID": 0.004345810638544443,
        "MALICIOUS": 0,
        "SANE": 0,
        "VALID": 0,
        "total": 100.01136358514111
    }
}