{
    "counter": {
        "ACTIVE": 36974,
        "INACTIVE": 55157,
        "INVALID": 4,
        "MALICIOUS": 0,
        "SANE": 0,
        "VALID": 0,
        "total": 92135
    },
    "percentage": {
        "ACTIVE": 40.153777652284404,
        "INACTIVE": 59.86541488033863,
        "INVALID": 0.004526935264825713,
        "MALICIOUS": 0,
        "SANE": 0,
        "VALID": 0,
        "total": 100.02371946788786
    }
}