{
    "counter": {
        "ACTIVE": 12650,
        "INACTIVE": 33957,
        "INVALID": 2,
        "MALICIOUS": 0,
        "SANE": 0,
        "VALID": 0,
        "total": 46609
    },
    "percentage": {
        "ACTIVE": 27.701740939450346,
        "INACTIVE": 72.85502799888434,
        "INVALID": 0.005313778627982358,
        "MALICIOUS": 0,
        "SANE": 0,
        "VALID": 0,
        "total": 100.56208271696266
    }
}