{
    "counter": {
        "ACTIVE": 72532,
        "INACTIVE": 89791,
        "INVALID": 5,
        "MALICIOUS": 0,
        "SANE": 0,
        "VALID": 0,
        "total": 162328
    },
    "percentage": {
        "ACTIVE": 44.683472561050735,
        "INACTIVE": 55.31454832191612,
        "INVALID": 0.004885913910196903,
        "MALICIOUS": 0,
        "SANE": 0,
        "VALID": 0,
        "total": 100.00290679687706
    }
}