{
    "counter": {
        "ACTIVE": 8761,
        "INACTIVE": 20460,
        "INVALID": 0,
        "MALICIOUS": 0,
        "SANE": 0,
        "VALID": 0,
        "total": 29221
    },
    "percentage": {
        "ACTIVE": 30.029134532990575,
        "INACTIVE": 70.01813764073782,
        "INVALID": 0,
        "MALICIOUS": 0,
        "SANE": 0,
        "VALID": 0,
        "total": 100.0472721737284
    }
}