{
    "counter": {
        "ACTIVE": 101292,
        "INACTIVE": 104954,
        "INVALID": 6,
        "MALICIOUS": 0,
        "SANE": 0,
        "VALID": 0,
        "total": 206252
    },
    "percentage": {
        "ACTIVE": 49.11079650136726,
        "INACTIVE": 50.88999549062486,
        "INVALID": 0.003086832601068044,
        "MALICIOUS": 0,
        "SANE": 0,
        "VALID": 0,
        "total": 100.00387882459319
    }
}