{
    "counter": {
        "ACTIVE": 37140,
        "INACTIVE": 56924,
        "INVALID": 4,
        "MALICIOUS": 0,
        "SANE": 0,
        "VALID": 0,
        "total": 94068
    },
    "percentage": {
        "ACTIVE": 39.84422773647453,
        "INACTIVE": 60.513670961432155,
        "INVALID": 0.004526935264825713,
        "MALICIOUS": 0,
        "SANE": 0,
        "VALID": 0,
        "total": 100.3624256331715
    }
}