{
    "counter": {
        "ACTIVE": 25796,
        "INACTIVE": 50070,
        "INVALID": 3,
        "MALICIOUS": 0,
        "SANE": 0,
        "VALID": 0,
        "total": 75869
    },
    "percentage": {
        "ACTIVE": 34.006538704914576,
        "INACTIVE": 65.99533406266063,
        "INVALID": 0.004345810638544443,
        "MALICIOUS": 0,
        "SANE": 0,
        "VALID": 0,
        "total": 100.00621857821375
    }
}