{
    "counter": {
        "ACTIVE": 40409,
        "INACTIVE": 64676,
        "INVALID": 5,
        "MALICIOUS": 0,
        "SANE": 0,
        "VALID": 0,
        "total": 105090
    },
    "percentage": {
        "ACTIVE": 38.456194446030565,
        "INACTIVE": 61.543438957084405,
        "INVALID": 0.004885913910196903,
        "MALICIOUS": 0,
        "SANE": 0,
        "VALID": 0,
        "total": 100.00451931702517
    }
}