{
    "counter": {
        "ACTIVE": 12713,
        "INACTIVE": 35328,
        "INVALID": 2,
        "MALICIOUS": 0,
        "SANE": 0,
        "VALID": 0,
        "total": 48043
    },
    "percentage": {
        "ACTIVE": 26.497009108151484,
        "INACTIVE": 73.53412567907915,
        "INVALID": 0.005313778627982358,
        "MALICIOUS": 0,
        "SANE": 0,
        "VALID": 0,
        "total": 100.03644856585862
    }
}