{
    "counter": {
        "ACTIVE": 8759,
        "INACTIVE": 19558,
        "INVALID": 0,
        "MALICIOUS": 0,
        "SANE": 0,
        "VALID": 0,
        "total": 28317
    },
    "percentage": {
        "ACTIVE": 33.01918799713499,
        "INACTIVE": 69.06805099410248,
        "INVALID": 0,
        "MALICIOUS": 0,
        "SANE": 0,
        "VALID": 0,
        "total": 102.08723899123747
    }
}