{
    "counter": {
        "ACTIVE": 81233,
        "INACTIVE": 97589,
        "INVALID": 5,
        "MALICIOUS": 0,
        "SANE": 0,
        "VALID": 0,
        "total": 178827
    },
    "percentage": {
        "ACTIVE": 45.42546707152723,
        "INACTIVE": 54.57234726688103,
        "INVALID": 0.004885913910196903,
        "MALICIOUS": 0,
        "SANE": 0,
        "VALID": 0,
        "total": 100.00270025231846
    }
}