{
    "counter": {
        "ACTIVE": 12156,
        "INACTIVE": 31111,
        "INVALID": 2,
        "MALICIOUS": 0,
        "SANE": 0,
        "VALID": 0,
        "total": 43269
    },
    "percentage": {
        "ACTIVE": 28.09401650142134,
        "INACTIVE": 71.90967085798816,
        "INVALID": 0.005313778627982358,
        "MALICIOUS": 0,
        "SANE": 0,
        "VALID": 0,
        "total": 100.00900113803748
    }
}