{
    "counter": {
        "ACTIVE": 38142,
        "INACTIVE": 60372,
        "INVALID": 4,
        "MALICIOUS": 0,
        "SANE": 0,
        "VALID": 0,
        "total": 98518
    },
    "percentage": {
        "ACTIVE": 38.71930483509121,
        "INACTIVE": 61.280172151282,
        "INVALID": 0.004526935264825713,
        "MALICIOUS": 0,
        "SANE": 0,
        "VALID": 0,
        "total": 100.00400392163803
    }
}