{
    "counter": {
        "ACTIVE": 62792,
        "INACTIVE": 75382,
        "INVALID": 5,
        "MALICIOUS": 0,
        "SANE": 0,
        "VALID": 0,
        "total": 138179
    },
    "percentage": {
        "ACTIVE": 45.44250573531434,
        "INACTIVE": 54.55624470772148,
        "INVALID": 0.004885913910196903,
        "MALICIOUS": 0,
        "SANE": 0,
        "VALID": 0,
        "total": 100.00363635694602
    }
}