{
    "counter": {
        "ACTIVE": 91409,
        "INACTIVE": 102639,
        "INVALID": 5,
        "MALICIOUS": 0,
        "SANE": 0,
        "VALID": 0,
        "total": 194053
    },
    "percentage": {
        "ACTIVE": 47.105172298289645,
        "INACTIVE": 52.93562461963754,
        "INVALID": 0.004885913910196903,
        "MALICIOUS": 0,
        "SANE": 0,
        "VALID": 0,
        "total": 100.04568283183738
    }
}