{
    "counter": {
        "ACTIVE": 14263,
        "INACTIVE": 39326,
        "INVALID": 2,
        "MALICIOUS": 0,
        "SANE": 0,
        "VALID": 0,
        "total": 53591
    },
    "percentage": {
        "ACTIVE": 26.799068054563904,
        "INACTIVE": 73.38172454330018,
        "INVALID": 0.005313778627982358,
        "MALICIOUS": 0,
        "SANE": 0,
        "VALID": 0,
        "total": 100.18610637649206
    }
}