{
    "counter": {
        "ACTIVE": 35569,
        "INACTIVE": 54777,
        "INVALID": 4,
        "MALICIOUS": 0,
        "SANE": 0,
        "VALID": 0,
        "total": 90350
    },
    "percentage": {
        "ACTIVE": 39.368013281682344,
        "INACTIVE": 60.6503830993401,
        "INVALID": 0.004526935264825713,
        "MALICIOUS": 0,
        "SANE": 0,
        "VALID": 0,
        "total": 100.02292331628726
    }
}