{
    "counter": {
        "ACTIVE": 11607,
        "INACTIVE": 30176,
        "INVALID": 2,
        "MALICIOUS": 0,
        "SANE": 0,
        "VALID": 0,
        "total": 41785
    },
    "percentage": {
        "ACTIVE": 27.87330099418856,
        "INACTIVE": 72.21730285987795,
        "INVALID": 0.005313778627982358,
        "MALICIOUS": 0,
        "SANE": 0,
        "VALID": 0,
        "total": 100.09591763269448
    }
}