{
    "counter": {
        "ACTIVE": 32357,
        "INACTIVE": 54108,
        "INVALID": 3,
        "MALICIOUS": 0,
        "SANE": 0,
        "VALID": 0,
        "total": 86468
    },
    "percentage": {
        "ACTIVE": 37.42077994171254,
        "INACTIVE": 62.59602036094401,
        "INVALID": 0.004345810638544443,
        "MALICIOUS": 0,
        "SANE": 0,
        "VALID": 0,
        "total": 100.02114611329509
    }
}