{
    "counter": {
        "ACTIVE": 12698,
        "INACTIVE": 35154,
        "INVALID": 2,
        "MALICIOUS": 0,
        "SANE": 0,
        "VALID": 0,
        "total": 47854
    },
    "percentage": {
        "ACTIVE": 26.548191511603598,
        "INACTIVE": 73.46094370376562,
        "INVALID": 0.005313778627982358,
        "MALICIOUS": 0,
        "SANE": 0,
        "VALID": 0,
        "total": 100.01444899399719
    }
}