{
    "counter": {
        "ACTIVE": 7774,
        "INACTIVE": 14447,
        "INVALID": 0,
        "MALICIOUS": 0,
        "SANE": 0,
        "VALID": 0,
        "total": 22221
    },
    "percentage": {
        "ACTIVE": 35.1876159869642,
        "INACTIVE": 65.0150758291706,
        "INVALID": 0,
        "MALICIOUS": 0,
        "SANE": 0,
        "VALID": 0,
        "total": 100.2026918161348
    }
}