{
    "counter": {
        "ACTIVE": 110445,
        "INACTIVE": 108232,
        "INVALID": 6,
        "MALICIOUS": 0,
        "SANE": 0,
        "VALID": 0,
        "total": 218683
    },
    "percentage": {
        "ACTIVE": 50.50461169821157,
        "INACTIVE": 49.50260475029615,
        "INVALID": 0.003086832601068044,
        "MALICIOUS": 0,
        "SANE": 0,
        "VALID": 0,
        "total": 100.01030328110879
    }
}