{
    "counter": {
        "ACTIVE": 37922,
        "INACTIVE": 58680,
        "INVALID": 4,
        "MALICIOUS": 0,
        "SANE": 0,
        "VALID": 0,
        "total": 96606
    },
    "percentage": {
        "ACTIVE": 39.43430562054802,
        "INACTIVE": 60.74156884665549,
        "INVALID": 0.004526935264825713,
        "MALICIOUS": 0,
        "SANE": 0,
        "VALID": 0,
        "total": 100.18040140246832
    }
}