{
    "counter": {
        "ACTIVE": 94368,
        "INACTIVE": 103101,
        "INVALID": 6,
        "MALICIOUS": 0,
        "SANE": 0,
        "VALID": 0,
        "total": 197475
    },
    "percentage": {
        "ACTIVE": 47.78731484998101,
        "INACTIVE": 52.21017556830554,
        "INVALID": 0.003086832601068044,
        "MALICIOUS": 0,
        "SANE": 0,
        "VALID": 0,
        "total": 100.00057725088762
    }
}