{
    "counter": {
        "ACTIVE": 82399,
        "INACTIVE": 99732,
        "INVALID": 5,
        "MALICIOUS": 0,
        "SANE": 0,
        "VALID": 0,
        "total": 182136
    },
    "percentage": {
        "ACTIVE": 45.244095958181646,
        "INACTIVE": 54.756884965081035,
        "INVALID": 0.004885913910196903,
        "MALICIOUS": 0,
        "SANE": 0,
        "VALID": 0,
        "total": 100.00586683717289
    }
}