{
    "counter": {
        "ACTIVE": 37139,
        "INACTIVE": 56783,
        "INVALID": 4,
        "MALICIOUS": 0,
        "SANE": 0,
        "VALID": 0,
        "total": 93926
    },
    "percentage": {
        "ACTIVE": 39.853416175728896,
        "INACTIVE": 60.45503907331303,
        "INVALID": 0.004526935264825713,
        "MALICIOUS": 0,
        "SANE": 0,
        "VALID": 0,
        "total": 100.31298218430675
    }
}