{
    "counter": {
        "ACTIVE": 37737,
        "INACTIVE": 57592,
        "INVALID": 4,
        "MALICIOUS": 0,
        "SANE": 0,
        "VALID": 0,
        "total": 95333
    },
    "percentage": {
        "ACTIVE": 39.58440414127322,
        "INACTIVE": 60.42851446918347,
        "INVALID": 0.004526935264825713,
        "MALICIOUS": 0,
        "SANE": 0,
        "VALID": 0,
        "total": 100.01744554572151
    }
}