{
    "counter": {
        "ACTIVE": 68722,
        "INACTIVE": 86146,
        "INVALID": 5,
        "MALICIOUS": 0,
        "SANE": 0,
        "VALID": 0,
        "total": 154873
    },
    "percentage": {
        "ACTIVE": 44.376569956283376,
        "INACTIVE": 55.62364001472174,
        "INVALID": 0.004885913910196903,
        "MALICIOUS": 0,
        "SANE": 0,
        "VALID": 0,
        "total": 100.00509588491532
    }
}