{
    "counter": {
        "ACTIVE": 28778,
        "INACTIVE": 52765,
        "INVALID": 3,
        "MALICIOUS": 0,
        "SANE": 0,
        "VALID": 0,
        "total": 81546
    },
    "percentage": {
        "ACTIVE": 35.290943650744985,
        "INACTIVE": 64.70581021754593,
        "INVALID": 0.004345810638544443,
        "MALICIOUS": 0,
        "SANE": 0,
        "VALID": 0,
        "total": 100.00109967892945
    }
}