{
    "counter": {
        "ACTIVE": 8760,
        "INACTIVE": 20367,
        "INVALID": 0,
        "MALICIOUS": 0,
        "SANE": 0,
        "VALID": 0,
        "total": 29127
    },
    "percentage": {
        "ACTIVE": 30.67119498616995,
        "INACTIVE": 69.92481203007519,
        "INVALID": 0,
        "MALICIOUS": 0,
        "SANE": 0,
        "VALID": 0,
        "total": 100.59600701624514
    }
}