{
    "counter": {
        "ACTIVE": 7847,
        "INACTIVE": 15012,
        "INVALID": 0,
        "MALICIOUS": 0,
        "SANE": 0,
        "VALID": 0,
        "total": 22859
    },
    "percentage": {
        "ACTIVE": 34.38047669120224,
        "INACTIVE": 65.6721641366639,
        "INVALID": 0,
        "MALICIOUS": 0,
        "SANE": 0,
        "VALID": 0,
        "total": 100.05264082786613
    }
}