{
    "counter": {
        "ACTIVE": 400,
        "INACTIVE": 252,
        "INVALID": 0,
        "MALICIOUS": 0,
        "SANE": 0,
        "VALID": 0,
        "total": 652
    },
    "percentage": {
        "ACTIVE": 62.79434850863422,
        "INACTIVE": 38.65030674846626,
        "INVALID": 0,
        "MALICIOUS": 0,
        "SANE": 0,
        "VALID": 0,
        "total": 101.44465525710048
    }
}