{
    "counter": {
        "ACTIVE": 73130,
        "INACTIVE": 91534,
        "INVALID": 5,
        "MALICIOUS": 0,
        "SANE": 0,
        "VALID": 0,
        "total": 164669
    },
    "percentage": {
        "ACTIVE": 44.41030187831347,
        "INACTIVE": 55.58733686773913,
        "INVALID": 0.004885913910196903,
        "MALICIOUS": 0,
        "SANE": 0,
        "VALID": 0,
        "total": 100.0025246599628
    }
}