{
    "counter": {
        "ACTIVE": 9233,
        "INACTIVE": 21724,
        "INVALID": 0,
        "MALICIOUS": 0,
        "SANE": 0,
        "VALID": 0,
        "total": 30957
    },
    "percentage": {
        "ACTIVE": 29.831987075928918,
        "INACTIVE": 70.17475853603385,
        "INVALID": 0,
        "MALICIOUS": 0,
        "SANE": 0,
        "VALID": 0,
        "total": 100.00674561196277
    }
}