{
    "counter": {
        "ACTIVE": 10331,
        "INACTIVE": 26269,
        "INVALID": 1,
        "MALICIOUS": 0,
        "SANE": 0,
        "VALID": 0,
        "total": 36601
    },
    "percentage": {
        "ACTIVE": 28.336716221405453,
        "INACTIVE": 71.77126308024371,
        "INVALID": 0.0031370580669448193,
        "MALICIOUS": 0,
        "SANE": 0,
        "VALID": 0,
        "total": 100.1111163597161
    }
}