{
    "counter": {
        "ACTIVE": 39509,
        "INACTIVE": 63861,
        "INVALID": 5,
        "MALICIOUS": 0,
        "SANE": 0,
        "VALID": 0,
        "total": 103375
    },
    "percentage": {
        "ACTIVE": 38.221323607658,
        "INACTIVE": 61.77605804111246,
        "INVALID": 0.004885913910196903,
        "MALICIOUS": 0,
        "SANE": 0,
        "VALID": 0,
        "total": 100.00226756268066
    }
}