{
    "counter": {
        "ACTIVE": 9415,
        "INACTIVE": 22796,
        "INVALID": 1,
        "MALICIOUS": 0,
        "SANE": 0,
        "VALID": 0,
        "total": 32212
    },
    "percentage": {
        "ACTIVE": 29.488223502881482,
        "INACTIVE": 70.76865764311437,
        "INVALID": 0.0031399145943230345,
        "MALICIOUS": 0,
        "SANE": 0,
        "VALID": 0,
        "total": 100.26002106059018
    }
}