{
    "counter": {
        "ACTIVE": 14798,
        "INACTIVE": 41465,
        "INVALID": 2,
        "MALICIOUS": 0,
        "SANE": 0,
        "VALID": 0,
        "total": 56265
    },
    "percentage": {
        "ACTIVE": 26.662582656168357,
        "INACTIVE": 73.69590331467164,
        "INVALID": 0.005313778627982358,
        "MALICIOUS": 0,
        "SANE": 0,
        "VALID": 0,
        "total": 100.36379974946797
    }
}