{
    "counter": {
        "ACTIVE": 83348,
        "INACTIVE": 100451,
        "INVALID": 5,
        "MALICIOUS": 0,
        "SANE": 0,
        "VALID": 0,
        "total": 183804
    },
    "percentage": {
        "ACTIVE": 45.346129572805815,
        "INACTIVE": 54.651744812352426,
        "INVALID": 0.004885913910196903,
        "MALICIOUS": 0,
        "SANE": 0,
        "VALID": 0,
        "total": 100.00276029906844
    }
}