{
    "counter": {
        "ACTIVE": 80892,
        "INACTIVE": 96241,
        "INVALID": 5,
        "MALICIOUS": 0,
        "SANE": 0,
        "VALID": 0,
        "total": 177138
    },
    "percentage": {
        "ACTIVE": 45.67331037208515,
        "INACTIVE": 54.33108649753299,
        "INVALID": 0.004885913910196903,
        "MALICIOUS": 0,
        "SANE": 0,
        "VALID": 0,
        "total": 100.00928278352835
    }
}