{
    "counter": {
        "ACTIVE": 8759,
        "INACTIVE": 19219,
        "INVALID": 0,
        "MALICIOUS": 0,
        "SANE": 0,
        "VALID": 0,
        "total": 27978
    },
    "percentage": {
        "ACTIVE": 33.01918799713499,
        "INACTIVE": 68.6932589892058,
        "INVALID": 0,
        "MALICIOUS": 0,
        "SANE": 0,
        "VALID": 0,
        "total": 101.7124469863408
    }
}