{
    "counter": {
        "ACTIVE": 8766,
        "INACTIVE": 21030,
        "INVALID": 0,
        "MALICIOUS": 0,
        "SANE": 0,
        "VALID": 0,
        "total": 29796
    },
    "percentage": {
        "ACTIVE": 29.608863068296966,
        "INACTIVE": 70.57994361659283,
        "INVALID": 0,
        "MALICIOUS": 0,
        "SANE": 0,
        "VALID": 0,
        "total": 100.1888066848898
    }
}