{
    "counter": {
        "ACTIVE": 45325,
        "INACTIVE": 65693,
        "INVALID": 5,
        "MALICIOUS": 0,
        "SANE": 0,
        "VALID": 0,
        "total": 111023
    },
    "percentage": {
        "ACTIVE": 40.83186191488595,
        "INACTIVE": 59.17062230348667,
        "INVALID": 0.004885913910196903,
        "MALICIOUS": 0,
        "SANE": 0,
        "VALID": 0,
        "total": 100.00737013228282
    }
}