{
    "counter": {
        "ACTIVE": 82396,
        "INACTIVE": 99644,
        "INVALID": 5,
        "MALICIOUS": 0,
        "SANE": 0,
        "VALID": 0,
        "total": 182045
    },
    "percentage": {
        "ACTIVE": 45.271781234375254,
        "INACTIVE": 54.73591694361284,
        "INVALID": 0.004885913910196903,
        "MALICIOUS": 0,
        "SANE": 0,
        "VALID": 0,
        "total": 100.01258409189829
    }
}