{
    "counter": {
        "ACTIVE": 16224,
        "INACTIVE": 43116,
        "INVALID": 2,
        "MALICIOUS": 0,
        "SANE": 0,
        "VALID": 0,
        "total": 59342
    },
    "percentage": {
        "ACTIVE": 27.341208985658675,
        "INACTIVE": 72.65680293889656,
        "INVALID": 0.005313778627982358,
        "MALICIOUS": 0,
        "SANE": 0,
        "VALID": 0,
        "total": 100.00332570318322
    }
}