{
    "counter": {
        "ACTIVE": 80769,
        "INACTIVE": 95631,
        "INVALID": 5,
        "MALICIOUS": 0,
        "SANE": 0,
        "VALID": 0,
        "total": 176405
    },
    "percentage": {
        "ACTIVE": 45.78663628169589,
        "INACTIVE": 54.21104843967008,
        "INVALID": 0.004885913910196903,
        "MALICIOUS": 0,
        "SANE": 0,
        "VALID": 0,
        "total": 100.00257063527617
    }
}