{
    "counter": {
        "ACTIVE": 8759,
        "INACTIVE": 18562,
        "INVALID": 0,
        "MALICIOUS": 0,
        "SANE": 0,
        "VALID": 0,
        "total": 27321
    },
    "percentage": {
        "ACTIVE": 33.01918799713499,
        "INACTIVE": 67.94041213718386,
        "INVALID": 0,
        "MALICIOUS": 0,
        "SANE": 0,
        "VALID": 0,
        "total": 100.95960013431885
    }
}