{
    "counter": {
        "ACTIVE": 22044,
        "INACTIVE": 47983,
        "INVALID": 3,
        "MALICIOUS": 0,
        "SANE": 0,
        "VALID": 0,
        "total": 70030
    },
    "percentage": {
        "ACTIVE": 31.486930438508786,
        "INACTIVE": 68.5177780951021,
        "INVALID": 0.004345810638544443,
        "MALICIOUS": 0,
        "SANE": 0,
        "VALID": 0,
        "total": 100.00905434424942
    }
}