{
    "counter": {
        "ACTIVE": 11409,
        "INACTIVE": 29302,
        "INVALID": 2,
        "MALICIOUS": 0,
        "SANE": 0,
        "VALID": 0,
        "total": 40713
    },
    "percentage": {
        "ACTIVE": 28.029874947792546,
        "INACTIVE": 71.97209736447817,
        "INVALID": 0.005313778627982358,
        "MALICIOUS": 0,
        "SANE": 0,
        "VALID": 0,
        "total": 100.0072860908987
    }
}