{
    "counter": {
        "ACTIVE": 11925,
        "INACTIVE": 31017,
        "INVALID": 2,
        "MALICIOUS": 0,
        "SANE": 0,
        "VALID": 0,
        "total": 42944
    },
    "percentage": {
        "ACTIVE": 27.77066207121399,
        "INACTIVE": 72.22662071535022,
        "INVALID": 0.005313778627982358,
        "MALICIOUS": 0,
        "SANE": 0,
        "VALID": 0,
        "total": 100.00259656519219
    }
}