{
    "counter": {
        "ACTIVE": 39730,
        "INACTIVE": 64149,
        "INVALID": 5,
        "MALICIOUS": 0,
        "SANE": 0,
        "VALID": 0,
        "total": 103884
    },
    "percentage": {
        "ACTIVE": 38.29102334277839,
        "INACTIVE": 61.75060644565092,
        "INVALID": 0.004885913910196903,
        "MALICIOUS": 0,
        "SANE": 0,
        "VALID": 0,
        "total": 100.0465157023395
    }
}