{
    "counter": {
        "ACTIVE": 102223,
        "INACTIVE": 105207,
        "INVALID": 6,
        "MALICIOUS": 0,
        "SANE": 0,
        "VALID": 0,
        "total": 207436
    },
    "percentage": {
        "ACTIVE": 49.27929578279566,
        "INACTIVE": 50.71952330677003,
        "INVALID": 0.003086832601068044,
        "MALICIOUS": 0,
        "SANE": 0,
        "VALID": 0,
        "total": 100.00190592216676
    }
}