{
    "counter": {
        "ACTIVE": 84668,
        "INACTIVE": 100738,
        "INVALID": 5,
        "MALICIOUS": 0,
        "SANE": 0,
        "VALID": 0,
        "total": 185411
    },
    "percentage": {
        "ACTIVE": 45.66528234723046,
        "INACTIVE": 54.33226723333567,
        "INVALID": 0.004885913910196903,
        "MALICIOUS": 0,
        "SANE": 0,
        "VALID": 0,
        "total": 100.00243549447633
    }
}