{
    "counter": {
        "ACTIVE": 86717,
        "INACTIVE": 101423,
        "INVALID": 5,
        "MALICIOUS": 0,
        "SANE": 0,
        "VALID": 0,
        "total": 188145
    },
    "percentage": {
        "ACTIVE": 46.090515294055116,
        "INACTIVE": 53.92001020739079,
        "INVALID": 0.004885913910196903,
        "MALICIOUS": 0,
        "SANE": 0,
        "VALID": 0,
        "total": 100.0154114153561
    }
}