{
    "counter": {
        "ACTIVE": 64887,
        "INACTIVE": 77569,
        "INVALID": 5,
        "MALICIOUS": 0,
        "SANE": 0,
        "VALID": 0,
        "total": 142461
    },
    "percentage": {
        "ACTIVE": 45.56575353047337,
        "INACTIVE": 54.449287875278145,
        "INVALID": 0.004885913910196903,
        "MALICIOUS": 0,
        "SANE": 0,
        "VALID": 0,
        "total": 100.01992731966172
    }
}