{
    "counter": {
        "ACTIVE": 7201,
        "INACTIVE": 13894,
        "INVALID": 0,
        "MALICIOUS": 0,
        "SANE": 0,
        "VALID": 0,
        "total": 21095
    },
    "percentage": {
        "ACTIVE": 34.137669479472834,
        "INACTIVE": 65.86394880303389,
        "INVALID": 0,
        "MALICIOUS": 0,
        "SANE": 0,
        "VALID": 0,
        "total": 100.00161828250673
    }
}