{
    "counter": {
        "ACTIVE": 39730,
        "INACTIVE": 64107,
        "INVALID": 5,
        "MALICIOUS": 0,
        "SANE": 0,
        "VALID": 0,
        "total": 103842
    },
    "percentage": {
        "ACTIVE": 38.29102334277839,
        "INACTIVE": 61.735136072109555,
        "INVALID": 0.004885913910196903,
        "MALICIOUS": 0,
        "SANE": 0,
        "VALID": 0,
        "total": 100.03104532879814
    }
}