{
    "counter": {
        "ACTIVE": 37115,
        "INACTIVE": 55740,
        "INVALID": 4,
        "MALICIOUS": 0,
        "SANE": 0,
        "VALID": 0,
        "total": 92859
    },
    "percentage": {
        "ACTIVE": 40.08662123192241,
        "INACTIVE": 60.02649177785675,
        "INVALID": 0.004526935264825713,
        "MALICIOUS": 0,
        "SANE": 0,
        "VALID": 0,
        "total": 100.11763994504398
    }
}