{
    "counter": {
        "ACTIVE": 37139,
        "INACTIVE": 56538,
        "INVALID": 4,
        "MALICIOUS": 0,
        "SANE": 0,
        "VALID": 0,
        "total": 93681
    },
    "percentage": {
        "ACTIVE": 39.853416175728896,
        "INACTIVE": 60.35161879143049,
        "INVALID": 0.004526935264825713,
        "MALICIOUS": 0,
        "SANE": 0,
        "VALID": 0,
        "total": 100.2095619024242
    }
}