{
    "counter": {
        "ACTIVE": 10858,
        "INACTIVE": 27234,
        "INVALID": 2,
        "MALICIOUS": 0,
        "SANE": 0,
        "VALID": 0,
        "total": 38094
    },
    "percentage": {
        "ACTIVE": 28.505421228111626,
        "INACTIVE": 71.49157347613797,
        "INVALID": 0.005313778627982358,
        "MALICIOUS": 0,
        "SANE": 0,
        "VALID": 0,
        "total": 100.00230848287758
    }
}