{
    "counter": {
        "ACTIVE": 74732,
        "INACTIVE": 92334,
        "INVALID": 5,
        "MALICIOUS": 0,
        "SANE": 0,
        "VALID": 0,
        "total": 167071
    },
    "percentage": {
        "ACTIVE": 44.73068336216339,
        "INACTIVE": 55.26665469563656,
        "INVALID": 0.004885913910196903,
        "MALICIOUS": 0,
        "SANE": 0,
        "VALID": 0,
        "total": 100.00222397171015
    }
}