{
    "counter": {
        "ACTIVE": 82030,
        "INACTIVE": 98303,
        "INVALID": 5,
        "MALICIOUS": 0,
        "SANE": 0,
        "VALID": 0,
        "total": 180338
    },
    "percentage": {
        "ACTIVE": 45.48706033703566,
        "INACTIVE": 54.51041932371436,
        "INVALID": 0.004885913910196903,
        "MALICIOUS": 0,
        "SANE": 0,
        "VALID": 0,
        "total": 100.00236557466022
    }
}