{
    "counter": {
        "ACTIVE": 8759,
        "INACTIVE": 18459,
        "INVALID": 0,
        "MALICIOUS": 0,
        "SANE": 0,
        "VALID": 0,
        "total": 27218
    },
    "percentage": {
        "ACTIVE": 33.01918799713499,
        "INACTIVE": 67.8190903078845,
        "INVALID": 0,
        "MALICIOUS": 0,
        "SANE": 0,
        "VALID": 0,
        "total": 100.83827830501949
    }
}