{
    "counter": {
        "ACTIVE": 24865,
        "INACTIVE": 49462,
        "INVALID": 3,
        "MALICIOUS": 0,
        "SANE": 0,
        "VALID": 0,
        "total": 74330
    },
    "percentage": {
        "ACTIVE": 33.45262279863849,
        "INACTIVE": 66.54379120139916,
        "INVALID": 0.004345810638544443,
        "MALICIOUS": 0,
        "SANE": 0,
        "VALID": 0,
        "total": 100.00075981067619
    }
}