{
    "counter": {
        "ACTIVE": 66357,
        "INACTIVE": 82484,
        "INVALID": 5,
        "MALICIOUS": 0,
        "SANE": 0,
        "VALID": 0,
        "total": 148846
    },
    "percentage": {
        "ACTIVE": 44.58097631108663,
        "INACTIVE": 55.41640912633361,
        "INVALID": 0.004885913910196903,
        "MALICIOUS": 0,
        "SANE": 0,
        "VALID": 0,
        "total": 100.00227135133044
    }
}