{
    "counter": {
        "ACTIVE": 9403,
        "INACTIVE": 22295,
        "INVALID": 0,
        "MALICIOUS": 0,
        "SANE": 0,
        "VALID": 0,
        "total": 31698
    },
    "percentage": {
        "ACTIVE": 29.66713992743335,
        "INACTIVE": 70.33566786548047,
        "INVALID": 0,
        "MALICIOUS": 0,
        "SANE": 0,
        "VALID": 0,
        "total": 100.00280779291383
    }
}