{
    "counter": {
        "ACTIVE": 42447,
        "INACTIVE": 65068,
        "INVALID": 5,
        "MALICIOUS": 0,
        "SANE": 0,
        "VALID": 0,
        "total": 107520
    },
    "percentage": {
        "ACTIVE": 39.479705346181035,
        "INACTIVE": 60.517113095238095,
        "INVALID": 0.004885913910196903,
        "MALICIOUS": 0,
        "SANE": 0,
        "VALID": 0,
        "total": 100.00170435532932
    }
}