{
    "counter": {
        "ACTIVE": 67262,
        "INACTIVE": 84328,
        "INVALID": 5,
        "MALICIOUS": 0,
        "SANE": 0,
        "VALID": 0,
        "total": 151595
    },
    "percentage": {
        "ACTIVE": 44.369537253867215,
        "INACTIVE": 55.64001055687517,
        "INVALID": 0.004885913910196903,
        "MALICIOUS": 0,
        "SANE": 0,
        "VALID": 0,
        "total": 100.01443372465259
    }
}