{
    "counter": {
        "ACTIVE": 37115,
        "INACTIVE": 55548,
        "INVALID": 4,
        "MALICIOUS": 0,
        "SANE": 0,
        "VALID": 0,
        "total": 92667
    },
    "percentage": {
        "ACTIVE": 40.08662123192241,
        "INACTIVE": 59.943669267376734,
        "INVALID": 0.004526935264825713,
        "MALICIOUS": 0,
        "SANE": 0,
        "VALID": 0,
        "total": 100.03481743456396
    }
}