{
    "counter": {
        "ACTIVE": 59749,
        "INACTIVE": 74217,
        "INVALID": 5,
        "MALICIOUS": 0,
        "SANE": 0,
        "VALID": 0,
        "total": 133971
    },
    "percentage": {
        "ACTIVE": 44.601787087286596,
        "INACTIVE": 55.3978099738003,
        "INVALID": 0.004885913910196903,
        "MALICIOUS": 0,
        "SANE": 0,
        "VALID": 0,
        "total": 100.00448297499709
    }
}