{
    "counter": {
        "ACTIVE": 547,
        "INACTIVE": 943,
        "INVALID": 0,
        "MALICIOUS": 0,
        "SANE": 0,
        "VALID": 0,
        "total": 1490
    },
    "percentage": {
        "ACTIVE": 39.0435403283369,
        "INACTIVE": 63.288590604026844,
        "INVALID": 0,
        "MALICIOUS": 0,
        "SANE": 0,
        "VALID": 0,
        "total": 102.33213093236375
    }
}