{
    "counter": {
        "ACTIVE": 66168,
        "INACTIVE": 81331,
        "INVALID": 5,
        "MALICIOUS": 0,
        "SANE": 0,
        "VALID": 0,
        "total": 147504
    },
    "percentage": {
        "ACTIVE": 44.87761206177386,
        "INACTIVE": 55.13816574465777,
        "INVALID": 0.004885913910196903,
        "MALICIOUS": 0,
        "SANE": 0,
        "VALID": 0,
        "total": 100.02066372034183
    }
}