{
    "counter": {
        "ACTIVE": 80835,
        "INACTIVE": 95709,
        "INVALID": 5,
        "MALICIOUS": 0,
        "SANE": 0,
        "VALID": 0,
        "total": 176549
    },
    "percentage": {
        "ACTIVE": 45.786155684824045,
        "INACTIVE": 54.213775914806845,
        "INVALID": 0.004885913910196903,
        "MALICIOUS": 0,
        "SANE": 0,
        "VALID": 0,
        "total": 100.00481751354108
    }
}