{
    "counter": {
        "ACTIVE": 7774,
        "INACTIVE": 14632,
        "INVALID": 0,
        "MALICIOUS": 0,
        "SANE": 0,
        "VALID": 0,
        "total": 22406
    },
    "percentage": {
        "ACTIVE": 34.82194848824188,
        "INACTIVE": 65.30393644559493,
        "INVALID": 0,
        "MALICIOUS": 0,
        "SANE": 0,
        "VALID": 0,
        "total": 100.1258849338368
    }
}