{
    "counter": {
        "ACTIVE": 73182,
        "INACTIVE": 91651,
        "INVALID": 5,
        "MALICIOUS": 0,
        "SANE": 0,
        "VALID": 0,
        "total": 164838
    },
    "percentage": {
        "ACTIVE": 44.39658571801234,
        "INACTIVE": 55.6006503354809,
        "INVALID": 0.004885913910196903,
        "MALICIOUS": 0,
        "SANE": 0,
        "VALID": 0,
        "total": 100.00212196740344
    }
}