{
    "counter": {
        "ACTIVE": 80893,
        "INACTIVE": 96314,
        "INVALID": 5,
        "MALICIOUS": 0,
        "SANE": 0,
        "VALID": 0,
        "total": 177212
    },
    "percentage": {
        "ACTIVE": 45.6622731506308,
        "INACTIVE": 54.349592578380694,
        "INVALID": 0.004885913910196903,
        "MALICIOUS": 0,
        "SANE": 0,
        "VALID": 0,
        "total": 100.0167516429217
    }
}