{
    "counter": {
        "ACTIVE": 9982,
        "INACTIVE": 24799,
        "INVALID": 1,
        "MALICIOUS": 0,
        "SANE": 0,
        "VALID": 0,
        "total": 34782
    },
    "percentage": {
        "ACTIVE": 28.700402530189763,
        "INACTIVE": 71.29837272152263,
        "INVALID": 0.0031370580669448193,
        "MALICIOUS": 0,
        "SANE": 0,
        "VALID": 0,
        "total": 100.00191230977933
    }
}