{
    "counter": {
        "ACTIVE": 12650,
        "INACTIVE": 33271,
        "INVALID": 2,
        "MALICIOUS": 0,
        "SANE": 0,
        "VALID": 0,
        "total": 45923
    },
    "percentage": {
        "ACTIVE": 27.701740939450346,
        "INACTIVE": 72.44953509134857,
        "INVALID": 0.005313778627982358,
        "MALICIOUS": 0,
        "SANE": 0,
        "VALID": 0,
        "total": 100.15658980942689
    }
}