{
    "counter": {
        "ACTIVE": 39746,
        "INACTIVE": 64186,
        "INVALID": 5,
        "MALICIOUS": 0,
        "SANE": 0,
        "VALID": 0,
        "total": 103937
    },
    "percentage": {
        "ACTIVE": 38.241576385013566,
        "INACTIVE": 61.754716799599755,
        "INVALID": 0.004885913910196903,
        "MALICIOUS": 0,
        "SANE": 0,
        "VALID": 0,
        "total": 100.00117909852352
    }
}