{
    "counter": {
        "ACTIVE": 8044,
        "INACTIVE": 16562,
        "INVALID": 0,
        "MALICIOUS": 0,
        "SANE": 0,
        "VALID": 0,
        "total": 24606
    },
    "percentage": {
        "ACTIVE": 32.72179961762193,
        "INACTIVE": 67.30878647484353,
        "INVALID": 0,
        "MALICIOUS": 0,
        "SANE": 0,
        "VALID": 0,
        "total": 100.03058609246546
    }
}