{
    "counter": {
        "ACTIVE": 61329,
        "INACTIVE": 74812,
        "INVALID": 5,
        "MALICIOUS": 0,
        "SANE": 0,
        "VALID": 0,
        "total": 136146
    },
    "percentage": {
        "ACTIVE": 45.04814861063162,
        "INACTIVE": 54.94983326722783,
        "INVALID": 0.004885913910196903,
        "MALICIOUS": 0,
        "SANE": 0,
        "VALID": 0,
        "total": 100.00286779176965
    }
}