{
    "counter": {
        "ACTIVE": 82181,
        "INACTIVE": 98675,
        "INVALID": 5,
        "MALICIOUS": 0,
        "SANE": 0,
        "VALID": 0,
        "total": 180861
    },
    "percentage": {
        "ACTIVE": 45.440521083304766,
        "INACTIVE": 54.558473081537755,
        "INVALID": 0.004885913910196903,
        "MALICIOUS": 0,
        "SANE": 0,
        "VALID": 0,
        "total": 100.00388007875272
    }
}