{
    "counter": {
        "ACTIVE": 11739,
        "INACTIVE": 30597,
        "INVALID": 2,
        "MALICIOUS": 0,
        "SANE": 0,
        "VALID": 0,
        "total": 42338
    },
    "percentage": {
        "ACTIVE": 27.73800241015099,
        "INACTIVE": 72.26841135622844,
        "INVALID": 0.005313778627982358,
        "MALICIOUS": 0,
        "SANE": 0,
        "VALID": 0,
        "total": 100.01172754500742
    }
}