{
    "counter": {
        "ACTIVE": 10745,
        "INACTIVE": 27040,
        "INVALID": 2,
        "MALICIOUS": 0,
        "SANE": 0,
        "VALID": 0,
        "total": 37787
    },
    "percentage": {
        "ACTIVE": 28.45679175825631,
        "INACTIVE": 71.55900177309657,
        "INVALID": 0.005313778627982358,
        "MALICIOUS": 0,
        "SANE": 0,
        "VALID": 0,
        "total": 100.02110730998085
    }
}