{
    "counter": {
        "ACTIVE": 8759,
        "INACTIVE": 18767,
        "INVALID": 0,
        "MALICIOUS": 0,
        "SANE": 0,
        "VALID": 0,
        "total": 27526
    },
    "percentage": {
        "ACTIVE": 33.01918799713499,
        "INACTIVE": 68.17917605173291,
        "INVALID": 0,
        "MALICIOUS": 0,
        "SANE": 0,
        "VALID": 0,
        "total": 101.1983640488679
    }
}