{
    "counter": {
        "ACTIVE": 66189,
        "INACTIVE": 81678,
        "INVALID": 5,
        "MALICIOUS": 0,
        "SANE": 0,
        "VALID": 0,
        "total": 147872
    },
    "percentage": {
        "ACTIVE": 44.774635215488374,
        "INACTIVE": 55.235609175503136,
        "INVALID": 0.004885913910196903,
        "MALICIOUS": 0,
        "SANE": 0,
        "VALID": 0,
        "total": 100.01513030490172
    }
}