{
    "counter": {
        "ACTIVE": 108259,
        "INACTIVE": 107631,
        "INVALID": 6,
        "MALICIOUS": 0,
        "SANE": 0,
        "VALID": 0,
        "total": 215896
    },
    "percentage": {
        "ACTIVE": 50.144050839292994,
        "INACTIVE": 49.855479280731494,
        "INVALID": 0.003086832601068044,
        "MALICIOUS": 0,
        "SANE": 0,
        "VALID": 0,
        "total": 100.00261695262556
    }
}