{
    "counter": {
        "ACTIVE": 65108,
        "INACTIVE": 78278,
        "INVALID": 5,
        "MALICIOUS": 0,
        "SANE": 0,
        "VALID": 0,
        "total": 143391
    },
    "percentage": {
        "ACTIVE": 45.41446946234759,
        "INACTIVE": 54.59059494668424,
        "INVALID": 0.004885913910196903,
        "MALICIOUS": 0,
        "SANE": 0,
        "VALID": 0,
        "total": 100.00995032294203
    }
}