{
    "counter": {
        "ACTIVE": 37920,
        "INACTIVE": 59711,
        "INVALID": 4,
        "MALICIOUS": 0,
        "SANE": 0,
        "VALID": 0,
        "total": 97635
    },
    "percentage": {
        "ACTIVE": 39.452738906518235,
        "INACTIVE": 61.15737184411328,
        "INVALID": 0.004526935264825713,
        "MALICIOUS": 0,
        "SANE": 0,
        "VALID": 0,
        "total": 100.61463768589634
    }
}