{
    "counter": {
        "ACTIVE": 96043,
        "INACTIVE": 103588,
        "INVALID": 6,
        "MALICIOUS": 0,
        "SANE": 0,
        "VALID": 0,
        "total": 199637
    },
    "percentage": {
        "ACTIVE": 48.10929947153555,
        "INACTIVE": 51.88817704133002,
        "INVALID": 0.003086832601068044,
        "MALICIOUS": 0,
        "SANE": 0,
        "VALID": 0,
        "total": 100.00056334546665
    }
}