{
    "counter": {
        "ACTIVE": 18296,
        "INACTIVE": 44709,
        "INVALID": 2,
        "MALICIOUS": 0,
        "SANE": 0,
        "VALID": 0,
        "total": 63007
    },
    "percentage": {
        "ACTIVE": 29.038504269434657,
        "INACTIVE": 70.95878235751583,
        "INVALID": 0.005313778627982358,
        "MALICIOUS": 0,
        "SANE": 0,
        "VALID": 0,
        "total": 100.00260040557846
    }
}