{
    "counter": {
        "ACTIVE": 10168,
        "INACTIVE": 25782,
        "INVALID": 1,
        "MALICIOUS": 0,
        "SANE": 0,
        "VALID": 0,
        "total": 35951
    },
    "percentage": {
        "ACTIVE": 28.298683587988087,
        "INACTIVE": 71.71427776696059,
        "INVALID": 0.0031370580669448193,
        "MALICIOUS": 0,
        "SANE": 0,
        "VALID": 0,
        "total": 100.01609841301563
    }
}