{
    "counter": {
        "ACTIVE": 35022,
        "INACTIVE": 54754,
        "INVALID": 4,
        "MALICIOUS": 0,
        "SANE": 0,
        "VALID": 0,
        "total": 89780
    },
    "percentage": {
        "ACTIVE": 39.00868790376476,
        "INACTIVE": 61.014040561622465,
        "INVALID": 0.004526935264825713,
        "MALICIOUS": 0,
        "SANE": 0,
        "VALID": 0,
        "total": 100.02725540065204
    }
}