{
    "counter": {
        "ACTIVE": 7960,
        "INACTIVE": 16093,
        "INVALID": 0,
        "MALICIOUS": 0,
        "SANE": 0,
        "VALID": 0,
        "total": 24053
    },
    "percentage": {
        "ACTIVE": 33.09358499979213,
        "INACTIVE": 66.9537360625728,
        "INVALID": 0,
        "MALICIOUS": 0,
        "SANE": 0,
        "VALID": 0,
        "total": 100.04732106236493
    }
}