{
    "counter": {
        "ACTIVE": 10898,
        "INACTIVE": 27401,
        "INVALID": 2,
        "MALICIOUS": 0,
        "SANE": 0,
        "VALID": 0,
        "total": 38301
    },
    "percentage": {
        "ACTIVE": 28.460996056514585,
        "INACTIVE": 71.54121302315866,
        "INVALID": 0.005313778627982358,
        "MALICIOUS": 0,
        "SANE": 0,
        "VALID": 0,
        "total": 100.00752285830123
    }
}