{
    "counter": {
        "ACTIVE": 104739,
        "INACTIVE": 106487,
        "INVALID": 6,
        "MALICIOUS": 0,
        "SANE": 0,
        "VALID": 0,
        "total": 211232
    },
    "percentage": {
        "ACTIVE": 49.584816694440235,
        "INACTIVE": 50.4164003503539,
        "INVALID": 0.003086832601068044,
        "MALICIOUS": 0,
        "SANE": 0,
        "VALID": 0,
        "total": 100.00430387739522
    }
}