{
    "counter": {
        "ACTIVE": 9463,
        "INACTIVE": 23761,
        "INVALID": 1,
        "MALICIOUS": 0,
        "SANE": 0,
        "VALID": 0,
        "total": 33225
    },
    "percentage": {
        "ACTIVE": 28.484137017638915,
        "INACTIVE": 71.51542513167796,
        "INVALID": 0.0031399145943230345,
        "MALICIOUS": 0,
        "SANE": 0,
        "VALID": 0,
        "total": 100.0027020639112
    }
}