{
    "counter": {
        "ACTIVE": 82156,
        "INACTIVE": 98602,
        "INVALID": 5,
        "MALICIOUS": 0,
        "SANE": 0,
        "VALID": 0,
        "total": 180763
    },
    "percentage": {
        "ACTIVE": 45.45635623229462,
        "INACTIVE": 54.54766738768443,
        "INVALID": 0.004885913910196903,
        "MALICIOUS": 0,
        "SANE": 0,
        "VALID": 0,
        "total": 100.00890953388925
    }
}