{
    "counter": {
        "ACTIVE": 6823,
        "INACTIVE": 13459,
        "INVALID": 0,
        "MALICIOUS": 0,
        "SANE": 0,
        "VALID": 0,
        "total": 20282
    },
    "percentage": {
        "ACTIVE": 34.096247064114735,
        "INACTIVE": 66.35933339907307,
        "INVALID": 0,
        "MALICIOUS": 0,
        "SANE": 0,
        "VALID": 0,
        "total": 100.4555804631878
    }
}