{
    "counter": {
        "ACTIVE": 80925,
        "INACTIVE": 96631,
        "INVALID": 5,
        "MALICIOUS": 0,
        "SANE": 0,
        "VALID": 0,
        "total": 177561
    },
    "percentage": {
        "ACTIVE": 45.59334734327551,
        "INACTIVE": 54.421297469601996,
        "INVALID": 0.004885913910196903,
        "MALICIOUS": 0,
        "SANE": 0,
        "VALID": 0,
        "total": 100.0195307267877
    }
}