{
    "counter": {
        "ACTIVE": 12650,
        "INACTIVE": 33657,
        "INVALID": 2,
        "MALICIOUS": 0,
        "SANE": 0,
        "VALID": 0,
        "total": 46309
    },
    "percentage": {
        "ACTIVE": 27.701740939450346,
        "INACTIVE": 72.67917683387678,
        "INVALID": 0.005313778627982358,
        "MALICIOUS": 0,
        "SANE": 0,
        "VALID": 0,
        "total": 100.3862315519551
    }
}