{
    "counter": {
        "ACTIVE": 8760,
        "INACTIVE": 17991,
        "INVALID": 0,
        "MALICIOUS": 0,
        "SANE": 0,
        "VALID": 0,
        "total": 26751
    },
    "percentage": {
        "ACTIVE": 32.97447865692991,
        "INACTIVE": 67.25356061455646,
        "INVALID": 0,
        "MALICIOUS": 0,
        "SANE": 0,
        "VALID": 0,
        "total": 100.22803927148638
    }
}