{
    "counter": {
        "ACTIVE": 83400,
        "INACTIVE": 100478,
        "INVALID": 5,
        "MALICIOUS": 0,
        "SANE": 0,
        "VALID": 0,
        "total": 183883
    },
    "percentage": {
        "ACTIVE": 45.35542008146573,
        "INACTIVE": 54.64235410559976,
        "INVALID": 0.004885913910196903,
        "MALICIOUS": 0,
        "SANE": 0,
        "VALID": 0,
        "total": 100.00266010097569
    }
}