{
    "counter": {
        "ACTIVE": 6809,
        "INACTIVE": 12586,
        "INVALID": 0,
        "MALICIOUS": 0,
        "SANE": 0,
        "VALID": 0,
        "total": 19395
    },
    "percentage": {
        "ACTIVE": 35.27613718785618,
        "INACTIVE": 64.89301366331529,
        "INVALID": 0,
        "MALICIOUS": 0,
        "SANE": 0,
        "VALID": 0,
        "total": 100.16915085117147
    }
}