{
    "counter": {
        "ACTIVE": 57278,
        "INACTIVE": 71731,
        "INVALID": 5,
        "MALICIOUS": 0,
        "SANE": 0,
        "VALID": 0,
        "total": 129014
    },
    "percentage": {
        "ACTIVE": 44.39810867374622,
        "INACTIVE": 55.599392314012434,
        "INVALID": 0.004885913910196903,
        "MALICIOUS": 0,
        "SANE": 0,
        "VALID": 0,
        "total": 100.00238690166886
    }
}