{
    "counter": {
        "ACTIVE": 12650,
        "INACTIVE": 34034,
        "INVALID": 2,
        "MALICIOUS": 0,
        "SANE": 0,
        "VALID": 0,
        "total": 46686
    },
    "percentage": {
        "ACTIVE": 27.701740939450346,
        "INACTIVE": 72.899798654843,
        "INVALID": 0.005313778627982358,
        "MALICIOUS": 0,
        "SANE": 0,
        "VALID": 0,
        "total": 100.60685337292132
    }
}