{
    "counter": {
        "ACTIVE": 27737,
        "INACTIVE": 51104,
        "INVALID": 3,
        "MALICIOUS": 0,
        "SANE": 0,
        "VALID": 0,
        "total": 78844
    },
    "percentage": {
        "ACTIVE": 35.180041347995385,
        "INACTIVE": 64.81659986809396,
        "INVALID": 0.004345810638544443,
        "MALICIOUS": 0,
        "SANE": 0,
        "VALID": 0,
        "total": 100.00098702672788
    }
}