{
    "counter": {
        "ACTIVE": 6823,
        "INACTIVE": 13367,
        "INVALID": 0,
        "MALICIOUS": 0,
        "SANE": 0,
        "VALID": 0,
        "total": 20190
    },
    "percentage": {
        "ACTIVE": 34.096247064114735,
        "INACTIVE": 66.20604259534423,
        "INVALID": 0,
        "MALICIOUS": 0,
        "SANE": 0,
        "VALID": 0,
        "total": 100.30228965945896
    }
}