{
    "counter": {
        "ACTIVE": 65107,
        "INACTIVE": 78240,
        "INVALID": 5,
        "MALICIOUS": 0,
        "SANE": 0,
        "VALID": 0,
        "total": 143352
    },
    "percentage": {
        "ACTIVE": 45.42232640560358,
        "INACTIVE": 54.57893855683911,
        "INVALID": 0.004885913910196903,
        "MALICIOUS": 0,
        "SANE": 0,
        "VALID": 0,
        "total": 100.00615087635289
    }
}