{
    "counter": {
        "ACTIVE": 8759,
        "INACTIVE": 19355,
        "INVALID": 0,
        "MALICIOUS": 0,
        "SANE": 0,
        "VALID": 0,
        "total": 28114
    },
    "percentage": {
        "ACTIVE": 33.01918799713499,
        "INACTIVE": 68.84470370633848,
        "INVALID": 0,
        "MALICIOUS": 0,
        "SANE": 0,
        "VALID": 0,
        "total": 101.86389170347347
    }
}