{
    "counter": {
        "ACTIVE": 110455,
        "INACTIVE": 108232,
        "INVALID": 6,
        "MALICIOUS": 0,
        "SANE": 0,
        "VALID": 0,
        "total": 218693
    },
    "percentage": {
        "ACTIVE": 50.50687493426859,
        "INACTIVE": 49.50260475029615,
        "INVALID": 0.003086832601068044,
        "MALICIOUS": 0,
        "SANE": 0,
        "VALID": 0,
        "total": 100.01256651716581
    }
}