{
    "counter": {
        "ACTIVE": 20729,
        "INACTIVE": 46964,
        "INVALID": 2,
        "MALICIOUS": 0,
        "SANE": 0,
        "VALID": 0,
        "total": 67695
    },
    "percentage": {
        "ACTIVE": 30.62252555693435,
        "INACTIVE": 69.37587709579732,
        "INVALID": 0.005313778627982358,
        "MALICIOUS": 0,
        "SANE": 0,
        "VALID": 0,
        "total": 100.00371643135965
    }
}