{
    "counter": {
        "ACTIVE": 10616,
        "INACTIVE": 26590,
        "INVALID": 1,
        "MALICIOUS": 0,
        "SANE": 0,
        "VALID": 0,
        "total": 37207
    },
    "percentage": {
        "ACTIVE": 28.603761383844372,
        "INACTIVE": 71.46504689977692,
        "INVALID": 0.0031370580669448193,
        "MALICIOUS": 0,
        "SANE": 0,
        "VALID": 0,
        "total": 100.07194534168823
    }
}