{
    "counter": {
        "ACTIVE": 3059,
        "INACTIVE": 6540,
        "INVALID": 0,
        "MALICIOUS": 0,
        "SANE": 0,
        "VALID": 0,
        "total": 9599
    },
    "percentage": {
        "ACTIVE": 31.87786577740725,
        "INACTIVE": 68.13209709344723,
        "INVALID": 0,
        "MALICIOUS": 0,
        "SANE": 0,
        "VALID": 0,
        "total": 100.00996287085448
    }
}