{
    "counter": {
        "ACTIVE": 9415,
        "INACTIVE": 22607,
        "INVALID": 1,
        "MALICIOUS": 0,
        "SANE": 0,
        "VALID": 0,
        "total": 32023
    },
    "percentage": {
        "ACTIVE": 29.488223502881482,
        "INACTIVE": 70.5961340286669,
        "INVALID": 0.0031399145943230345,
        "MALICIOUS": 0,
        "SANE": 0,
        "VALID": 0,
        "total": 100.0874974461427
    }
}