{
    "counter": {
        "ACTIVE": 37920,
        "INACTIVE": 59225,
        "INVALID": 4,
        "MALICIOUS": 0,
        "SANE": 0,
        "VALID": 0,
        "total": 97149
    },
    "percentage": {
        "ACTIVE": 39.452738906518235,
        "INACTIVE": 60.96305674788212,
        "INVALID": 0.004526935264825713,
        "MALICIOUS": 0,
        "SANE": 0,
        "VALID": 0,
        "total": 100.42032258966518
    }
}