{
    "counter": {
        "ACTIVE": 2753,
        "INACTIVE": 5988,
        "INVALID": 0,
        "MALICIOUS": 0,
        "SANE": 0,
        "VALID": 0,
        "total": 8741
    },
    "percentage": {
        "ACTIVE": 31.498855835240274,
        "INACTIVE": 68.50474774053312,
        "INVALID": 0,
        "MALICIOUS": 0,
        "SANE": 0,
        "VALID": 0,
        "total": 100.0036035757734
    }
}