{
    "counter": {
        "ACTIVE": 5767,
        "INACTIVE": 8109,
        "INVALID": 0,
        "MALICIOUS": 0,
        "SANE": 0,
        "VALID": 0,
        "total": 13876
    },
    "percentage": {
        "ACTIVE": 41.70523575354353,
        "INACTIVE": 58.43903142115884,
        "INVALID": 0,
        "MALICIOUS": 0,
        "SANE": 0,
        "VALID": 0,
        "total": 100.14426717470238
    }
}