{
    "counter": {
        "ACTIVE": 82076,
        "INACTIVE": 98334,
        "INVALID": 5,
        "MALICIOUS": 0,
        "SANE": 0,
        "VALID": 0,
        "total": 180415
    },
    "percentage": {
        "ACTIVE": 45.4928913892969,
        "INACTIVE": 54.51189090304341,
        "INVALID": 0.004885913910196903,
        "MALICIOUS": 0,
        "SANE": 0,
        "VALID": 0,
        "total": 100.00966820625051
    }
}