{
    "counter": {
        "ACTIVE": 11551,
        "INACTIVE": 29978,
        "INVALID": 2,
        "MALICIOUS": 0,
        "SANE": 0,
        "VALID": 0,
        "total": 41531
    },
    "percentage": {
        "ACTIVE": 27.828370434615014,
        "INACTIVE": 72.18222532566035,
        "INVALID": 0.005313778627982358,
        "MALICIOUS": 0,
        "SANE": 0,
        "VALID": 0,
        "total": 100.01590953890334
    }
}