{
    "counter": {
        "ACTIVE": 6774,
        "INACTIVE": 11962,
        "INVALID": 0,
        "MALICIOUS": 0,
        "SANE": 0,
        "VALID": 0,
        "total": 18736
    },
    "percentage": {
        "ACTIVE": 36.15692554043235,
        "INACTIVE": 63.845004269854826,
        "INVALID": 0,
        "MALICIOUS": 0,
        "SANE": 0,
        "VALID": 0,
        "total": 100.00192981028718
    }
}