{
    "counter": {
        "ACTIVE": 14751,
        "INACTIVE": 40361,
        "INVALID": 2,
        "MALICIOUS": 0,
        "SANE": 0,
        "VALID": 0,
        "total": 55114
    },
    "percentage": {
        "ACTIVE": 26.76792422015352,
        "INACTIVE": 73.23184671771237,
        "INVALID": 0.005313778627982358,
        "MALICIOUS": 0,
        "SANE": 0,
        "VALID": 0,
        "total": 100.00508471649387
    }
}