{
    "counter": {
        "ACTIVE": 65725,
        "INACTIVE": 79936,
        "INVALID": 5,
        "MALICIOUS": 0,
        "SANE": 0,
        "VALID": 0,
        "total": 145666
    },
    "percentage": {
        "ACTIVE": 45.18952441850072,
        "INACTIVE": 54.876223689810935,
        "INVALID": 0.004885913910196903,
        "MALICIOUS": 0,
        "SANE": 0,
        "VALID": 0,
        "total": 100.07063402222185
    }
}