{
    "counter": {
        "ACTIVE": 58130,
        "INACTIVE": 72444,
        "INVALID": 5,
        "MALICIOUS": 0,
        "SANE": 0,
        "VALID": 0,
        "total": 130579
    },
    "percentage": {
        "ACTIVE": 44.517112246226425,
        "INACTIVE": 55.47990840653407,
        "INVALID": 0.004885913910196903,
        "MALICIOUS": 0,
        "SANE": 0,
        "VALID": 0,
        "total": 100.0019065666707
    }
}