{
    "counter": {
        "ACTIVE": 7772,
        "INACTIVE": 14365,
        "INVALID": 0,
        "MALICIOUS": 0,
        "SANE": 0,
        "VALID": 0,
        "total": 22137
    },
    "percentage": {
        "ACTIVE": 35.178563345856155,
        "INACTIVE": 64.89135835930794,
        "INVALID": 0,
        "MALICIOUS": 0,
        "SANE": 0,
        "VALID": 0,
        "total": 100.06992170516409
    }
}