{
    "counter": {
        "ACTIVE": 11534,
        "INACTIVE": 29941,
        "INVALID": 2,
        "MALICIOUS": 0,
        "SANE": 0,
        "VALID": 0,
        "total": 41477
    },
    "percentage": {
        "ACTIVE": 27.808853312759187,
        "INACTIVE": 72.18699520216023,
        "INVALID": 0.005313778627982358,
        "MALICIOUS": 0,
        "SANE": 0,
        "VALID": 0,
        "total": 100.0011622935474
    }
}