{
    "counter": {
        "ACTIVE": 66546,
        "INACTIVE": 82879,
        "INVALID": 5,
        "MALICIOUS": 0,
        "SANE": 0,
        "VALID": 0,
        "total": 149430
    },
    "percentage": {
        "ACTIVE": 44.537398939872574,
        "INACTIVE": 55.46342769189587,
        "INVALID": 0.004885913910196903,
        "MALICIOUS": 0,
        "SANE": 0,
        "VALID": 0,
        "total": 100.00571254567865
    }
}