{
    "counter": {
        "ACTIVE": 73506,
        "INACTIVE": 91738,
        "INVALID": 5,
        "MALICIOUS": 0,
        "SANE": 0,
        "VALID": 0,
        "total": 165249
    },
    "percentage": {
        "ACTIVE": 44.48304033404944,
        "INACTIVE": 55.51501068085132,
        "INVALID": 0.004885913910196903,
        "MALICIOUS": 0,
        "SANE": 0,
        "VALID": 0,
        "total": 100.00293692881097
    }
}