{
    "counter": {
        "ACTIVE": 71339,
        "INACTIVE": 87637,
        "INVALID": 5,
        "MALICIOUS": 0,
        "SANE": 0,
        "VALID": 0,
        "total": 158981
    },
    "percentage": {
        "ACTIVE": 44.87293999245188,
        "INACTIVE": 55.124197231115666,
        "INVALID": 0.004885913910196903,
        "MALICIOUS": 0,
        "SANE": 0,
        "VALID": 0,
        "total": 100.00202313747775
    }
}