{
    "counter": {
        "ACTIVE": 72992,
        "INACTIVE": 90988,
        "INVALID": 5,
        "MALICIOUS": 0,
        "SANE": 0,
        "VALID": 0,
        "total": 163985
    },
    "percentage": {
        "ACTIVE": 44.57254518808012,
        "INACTIVE": 55.48556270390584,
        "INVALID": 0.004885913910196903,
        "MALICIOUS": 0,
        "SANE": 0,
        "VALID": 0,
        "total": 100.06299380589617
    }
}