{
    "counter": {
        "ACTIVE": 7352,
        "INACTIVE": 13904,
        "INVALID": 0,
        "MALICIOUS": 0,
        "SANE": 0,
        "VALID": 0,
        "total": 21256
    },
    "percentage": {
        "ACTIVE": 34.58788106887467,
        "INACTIVE": 65.49531301521503,
        "INVALID": 0,
        "MALICIOUS": 0,
        "SANE": 0,
        "VALID": 0,
        "total": 100.08319408408971
    }
}