{
    "counter": {
        "ACTIVE": 51165,
        "INACTIVE": 68650,
        "INVALID": 5,
        "MALICIOUS": 0,
        "SANE": 0,
        "VALID": 0,
        "total": 119820
    },
    "percentage": {
        "ACTIVE": 42.70155232849274,
        "INACTIVE": 57.294752918986134,
        "INVALID": 0.004885913910196903,
        "MALICIOUS": 0,
        "SANE": 0,
        "VALID": 0,
        "total": 100.00119116138907
    }
}