{
    "counter": {
        "ACTIVE": 71160,
        "INACTIVE": 87468,
        "INVALID": 5,
        "MALICIOUS": 0,
        "SANE": 0,
        "VALID": 0,
        "total": 158633
    },
    "percentage": {
        "ACTIVE": 44.85938888853867,
        "INACTIVE": 55.13859033114169,
        "INVALID": 0.004885913910196903,
        "MALICIOUS": 0,
        "SANE": 0,
        "VALID": 0,
        "total": 100.00286513359056
    }
}