{
    "counter": {
        "ACTIVE": 25479,
        "INACTIVE": 49929,
        "INVALID": 3,
        "MALICIOUS": 0,
        "SANE": 0,
        "VALID": 0,
        "total": 75411
    },
    "percentage": {
        "ACTIVE": 33.78774416846795,
        "INACTIVE": 66.20917372797072,
        "INVALID": 0.004345810638544443,
        "MALICIOUS": 0,
        "SANE": 0,
        "VALID": 0,
        "total": 100.00126370707721
    }
}