{
    "counter": {
        "ACTIVE": 8068,
        "INACTIVE": 16894,
        "INVALID": 0,
        "MALICIOUS": 0,
        "SANE": 0,
        "VALID": 0,
        "total": 24962
    },
    "percentage": {
        "ACTIVE": 32.37430279683801,
        "INACTIVE": 67.67887188526561,
        "INVALID": 0,
        "MALICIOUS": 0,
        "SANE": 0,
        "VALID": 0,
        "total": 100.05317468210362
    }
}