{
    "counter": {
        "ACTIVE": 59627,
        "INACTIVE": 73968,
        "INVALID": 5,
        "MALICIOUS": 0,
        "SANE": 0,
        "VALID": 0,
        "total": 133600
    },
    "percentage": {
        "ACTIVE": 44.638338648579854,
        "INACTIVE": 55.365269461077844,
        "INVALID": 0.004885913910196903,
        "MALICIOUS": 0,
        "SANE": 0,
        "VALID": 0,
        "total": 100.0084940235679
    }
}