{
    "counter": {
        "ACTIVE": 1158,
        "INACTIVE": 3381,
        "INVALID": 0,
        "MALICIOUS": 0,
        "SANE": 0,
        "VALID": 0,
        "total": 4539
    },
    "percentage": {
        "ACTIVE": 25.545996029119788,
        "INACTIVE": 74.48777263714474,
        "INVALID": 0,
        "MALICIOUS": 0,
        "SANE": 0,
        "VALID": 0,
        "total": 100.03376866626454
    }
}