{
    "counter": {
        "ACTIVE": 8759,
        "INACTIVE": 18834,
        "INVALID": 0,
        "MALICIOUS": 0,
        "SANE": 0,
        "VALID": 0,
        "total": 27593
    },
    "percentage": {
        "ACTIVE": 33.01918799713499,
        "INACTIVE": 68.25644185119414,
        "INVALID": 0,
        "MALICIOUS": 0,
        "SANE": 0,
        "VALID": 0,
        "total": 101.27562984832913
    }
}