{
    "counter": {
        "ACTIVE": 59561,
        "INACTIVE": 73613,
        "INVALID": 5,
        "MALICIOUS": 0,
        "SANE": 0,
        "VALID": 0,
        "total": 133179
    },
    "percentage": {
        "ACTIVE": 44.73091307809003,
        "INACTIVE": 55.273729341713036,
        "INVALID": 0.004885913910196903,
        "MALICIOUS": 0,
        "SANE": 0,
        "VALID": 0,
        "total": 100.00952833371328
    }
}