{
    "counter": {
        "ACTIVE": 64470,
        "INACTIVE": 76816,
        "INVALID": 5,
        "MALICIOUS": 0,
        "SANE": 0,
        "VALID": 0,
        "total": 141291
    },
    "percentage": {
        "ACTIVE": 45.629556231863546,
        "INACTIVE": 54.367227919683494,
        "INVALID": 0.004885913910196903,
        "MALICIOUS": 0,
        "SANE": 0,
        "VALID": 0,
        "total": 100.00167006545725
    }
}