{
    "counter": {
        "ACTIVE": 13360,
        "INACTIVE": 38327,
        "INVALID": 2,
        "MALICIOUS": 0,
        "SANE": 0,
        "VALID": 0,
        "total": 51689
    },
    "percentage": {
        "ACTIVE": 25.85839817287965,
        "INACTIVE": 74.14923871616784,
        "INVALID": 0.005313778627982358,
        "MALICIOUS": 0,
        "SANE": 0,
        "VALID": 0,
        "total": 100.01295066767547
    }
}