{
    "counter": {
        "ACTIVE": 8759,
        "INACTIVE": 18494,
        "INVALID": 0,
        "MALICIOUS": 0,
        "SANE": 0,
        "VALID": 0,
        "total": 27253
    },
    "percentage": {
        "ACTIVE": 33.01918799713499,
        "INACTIVE": 67.86041903643635,
        "INVALID": 0,
        "MALICIOUS": 0,
        "SANE": 0,
        "VALID": 0,
        "total": 100.87960703357135
    }
}