{
    "counter": {
        "ACTIVE": 38401,
        "INACTIVE": 61384,
        "INVALID": 4,
        "MALICIOUS": 0,
        "SANE": 0,
        "VALID": 0,
        "total": 99789
    },
    "percentage": {
        "ACTIVE": 38.7517029113477,
        "INACTIVE": 61.51379410556274,
        "INVALID": 0.004526935264825713,
        "MALICIOUS": 0,
        "SANE": 0,
        "VALID": 0,
        "total": 100.27002395217526
    }
}