{
    "counter": {
        "ACTIVE": 84582,
        "INACTIVE": 100703,
        "INVALID": 5,
        "MALICIOUS": 0,
        "SANE": 0,
        "VALID": 0,
        "total": 185290
    },
    "percentage": {
        "ACTIVE": 45.6484429812726,
        "INACTIVE": 54.35120518992671,
        "INVALID": 0.004885913910196903,
        "MALICIOUS": 0,
        "SANE": 0,
        "VALID": 0,
        "total": 100.00453408510951
    }
}