{
    "counter": {
        "ACTIVE": 96616,
        "INACTIVE": 103728,
        "INVALID": 6,
        "MALICIOUS": 0,
        "SANE": 0,
        "VALID": 0,
        "total": 200350
    },
    "percentage": {
        "ACTIVE": 48.2236086848016,
        "INACTIVE": 51.77365497207373,
        "INVALID": 0.003086832601068044,
        "MALICIOUS": 0,
        "SANE": 0,
        "VALID": 0,
        "total": 100.0003504894764
    }
}