{
    "counter": {
        "ACTIVE": 11599,
        "INACTIVE": 30240,
        "INVALID": 2,
        "MALICIOUS": 0,
        "SANE": 0,
        "VALID": 0,
        "total": 41841
    },
    "percentage": {
        "ACTIVE": 27.854089621055664,
        "INACTIVE": 72.27360722736073,
        "INVALID": 0.005313778627982358,
        "MALICIOUS": 0,
        "SANE": 0,
        "VALID": 0,
        "total": 100.13301062704437
    }
}