{
    "counter": {
        "ACTIVE": 49401,
        "INACTIVE": 67816,
        "INVALID": 5,
        "MALICIOUS": 0,
        "SANE": 0,
        "VALID": 0,
        "total": 117222
    },
    "percentage": {
        "ACTIVE": 42.1445511781467,
        "INACTIVE": 57.85262152155739,
        "INVALID": 0.004885913910196903,
        "MALICIOUS": 0,
        "SANE": 0,
        "VALID": 0,
        "total": 100.0020586136143
    }
}