{
    "counter": {
        "ACTIVE": 64349,
        "INACTIVE": 76182,
        "INVALID": 5,
        "MALICIOUS": 0,
        "SANE": 0,
        "VALID": 0,
        "total": 140536
    },
    "percentage": {
        "ACTIVE": 45.85450321734731,
        "INACTIVE": 54.208174417942736,
        "INVALID": 0.004885913910196903,
        "MALICIOUS": 0,
        "SANE": 0,
        "VALID": 0,
        "total": 100.06756354920024
    }
}