{
    "counter": {
        "ACTIVE": 9396,
        "INACTIVE": 22376,
        "INVALID": 0,
        "MALICIOUS": 0,
        "SANE": 0,
        "VALID": 0,
        "total": 31772
    },
    "percentage": {
        "ACTIVE": 29.608621667612024,
        "INACTIVE": 70.42679088505602,
        "INVALID": 0,
        "MALICIOUS": 0,
        "SANE": 0,
        "VALID": 0,
        "total": 100.03541255266805
    }
}