{
    "counter": {
        "ACTIVE": 9211,
        "INACTIVE": 21613,
        "INVALID": 0,
        "MALICIOUS": 0,
        "SANE": 0,
        "VALID": 0,
        "total": 30824
    },
    "percentage": {
        "ACTIVE": 29.89128671101736,
        "INACTIVE": 70.11744095509992,
        "INVALID": 0,
        "MALICIOUS": 0,
        "SANE": 0,
        "VALID": 0,
        "total": 100.00872766611728
    }
}