{
    "counter": {
        "ACTIVE": 40392,
        "INACTIVE": 64635,
        "INVALID": 5,
        "MALICIOUS": 0,
        "SANE": 0,
        "VALID": 0,
        "total": 105032
    },
    "percentage": {
        "ACTIVE": 38.456851245334754,
        "INACTIVE": 61.54073199527745,
        "INVALID": 0.004885913910196903,
        "MALICIOUS": 0,
        "SANE": 0,
        "VALID": 0,
        "total": 100.0024691545224
    }
}