{
    "counter": {
        "ACTIVE": 86590,
        "INACTIVE": 101421,
        "INVALID": 5,
        "MALICIOUS": 0,
        "SANE": 0,
        "VALID": 0,
        "total": 188016
    },
    "percentage": {
        "ACTIVE": 46.054591098629906,
        "INACTIVE": 53.948201301084595,
        "INVALID": 0.004885913910196903,
        "MALICIOUS": 0,
        "SANE": 0,
        "VALID": 0,
        "total": 100.00767831362471
    }
}