{
    "counter": {
        "ACTIVE": 2430,
        "INACTIVE": 5772,
        "INVALID": 0,
        "MALICIOUS": 0,
        "SANE": 0,
        "VALID": 0,
        "total": 8202
    },
    "percentage": {
        "ACTIVE": 29.677576941866146,
        "INACTIVE": 70.3730797366496,
        "INVALID": 0,
        "MALICIOUS": 0,
        "SANE": 0,
        "VALID": 0,
        "total": 100.05065667851575
    }
}