{
    "counter": {
        "ACTIVE": 21523,
        "INACTIVE": 47283,
        "INVALID": 2,
        "MALICIOUS": 0,
        "SANE": 0,
        "VALID": 0,
        "total": 68808
    },
    "percentage": {
        "ACTIVE": 31.284794395104438,
        "INACTIVE": 68.71730031391698,
        "INVALID": 0.005313778627982358,
        "MALICIOUS": 0,
        "SANE": 0,
        "VALID": 0,
        "total": 100.0074084876494
    }
}