{
    "counter": {
        "ACTIVE": 66335,
        "INACTIVE": 82430,
        "INVALID": 5,
        "MALICIOUS": 0,
        "SANE": 0,
        "VALID": 0,
        "total": 148770
    },
    "percentage": {
        "ACTIVE": 44.6880894637564,
        "INACTIVE": 55.40767627881966,
        "INVALID": 0.004885913910196903,
        "MALICIOUS": 0,
        "SANE": 0,
        "VALID": 0,
        "total": 100.10065165648625
    }
}