{
    "counter": {
        "ACTIVE": 64592,
        "INACTIVE": 76877,
        "INVALID": 5,
        "MALICIOUS": 0,
        "SANE": 0,
        "VALID": 0,
        "total": 141474
    },
    "percentage": {
        "ACTIVE": 45.65644570733845,
        "INACTIVE": 54.3438613357462,
        "INVALID": 0.004885913910196903,
        "MALICIOUS": 0,
        "SANE": 0,
        "VALID": 0,
        "total": 100.00519295699485
    }
}