{
    "counter": {
        "ACTIVE": 86718,
        "INACTIVE": 101426,
        "INVALID": 5,
        "MALICIOUS": 0,
        "SANE": 0,
        "VALID": 0,
        "total": 188149
    },
    "percentage": {
        "ACTIVE": 46.090066915051366,
        "INACTIVE": 53.921605112201554,
        "INVALID": 0.004885913910196903,
        "MALICIOUS": 0,
        "SANE": 0,
        "VALID": 0,
        "total": 100.01655794116313
    }
}