{
    "counter": {
        "ACTIVE": 6719,
        "INACTIVE": 11634,
        "INVALID": 0,
        "MALICIOUS": 0,
        "SANE": 0,
        "VALID": 0,
        "total": 18353
    },
    "percentage": {
        "ACTIVE": 36.619795073032485,
        "INACTIVE": 63.39018144172615,
        "INVALID": 0,
        "MALICIOUS": 0,
        "SANE": 0,
        "VALID": 0,
        "total": 100.00997651475863
    }
}