{
    "counter": {
        "ACTIVE": 101624,
        "INACTIVE": 105013,
        "INVALID": 6,
        "MALICIOUS": 0,
        "SANE": 0,
        "VALID": 0,
        "total": 206643
    },
    "percentage": {
        "ACTIVE": 49.17901094168147,
        "INACTIVE": 50.8185614804276,
        "INVALID": 0.003086832601068044,
        "MALICIOUS": 0,
        "SANE": 0,
        "VALID": 0,
        "total": 100.00065925471014
    }
}