{
    "counter": {
        "ACTIVE": 6802,
        "INACTIVE": 12072,
        "INVALID": 0,
        "MALICIOUS": 0,
        "SANE": 0,
        "VALID": 0,
        "total": 18874
    },
    "percentage": {
        "ACTIVE": 36.20010643959553,
        "INACTIVE": 63.9610045565328,
        "INVALID": 0,
        "MALICIOUS": 0,
        "SANE": 0,
        "VALID": 0,
        "total": 100.16111099612833
    }
}