{
    "counter": {
        "ACTIVE": 36505,
        "INACTIVE": 54800,
        "INVALID": 4,
        "MALICIOUS": 0,
        "SANE": 0,
        "VALID": 0,
        "total": 91309
    },
    "percentage": {
        "ACTIVE": 39.97962960934848,
        "INACTIVE": 60.01664695316949,
        "INVALID": 0.004526935264825713,
        "MALICIOUS": 0,
        "SANE": 0,
        "VALID": 0,
        "total": 100.0008034977828
    }
}