{
    "counter": {
        "ACTIVE": 82413,
        "INACTIVE": 99855,
        "INVALID": 5,
        "MALICIOUS": 0,
        "SANE": 0,
        "VALID": 0,
        "total": 182273
    },
    "percentage": {
        "ACTIVE": 45.215287379024296,
        "INACTIVE": 54.78320980068359,
        "INVALID": 0.004885913910196903,
        "MALICIOUS": 0,
        "SANE": 0,
        "VALID": 0,
        "total": 100.0033830936181
    }
}