{
    "counter": {
        "ACTIVE": 16377,
        "INACTIVE": 43399,
        "INVALID": 2,
        "MALICIOUS": 0,
        "SANE": 0,
        "VALID": 0,
        "total": 59778
    },
    "percentage": {
        "ACTIVE": 27.396366556258155,
        "INACTIVE": 72.61121986313975,
        "INVALID": 0.005313778627982358,
        "MALICIOUS": 0,
        "SANE": 0,
        "VALID": 0,
        "total": 100.01290019802589
    }
}