{
    "counter": {
        "ACTIVE": 81044,
        "INACTIVE": 97319,
        "INVALID": 5,
        "MALICIOUS": 0,
        "SANE": 0,
        "VALID": 0,
        "total": 178368
    },
    "percentage": {
        "ACTIVE": 45.43767485408969,
        "INACTIVE": 54.560795658414065,
        "INVALID": 0.004885913910196903,
        "MALICIOUS": 0,
        "SANE": 0,
        "VALID": 0,
        "total": 100.00335642641396
    }
}