{
    "counter": {
        "ACTIVE": 51512,
        "INACTIVE": 68946,
        "INVALID": 5,
        "MALICIOUS": 0,
        "SANE": 0,
        "VALID": 0,
        "total": 120463
    },
    "percentage": {
        "ACTIVE": 42.76167785959174,
        "INACTIVE": 57.24415071154581,
        "INVALID": 0.004885913910196903,
        "MALICIOUS": 0,
        "SANE": 0,
        "VALID": 0,
        "total": 100.01071448504776
    }
}