{
    "counter": {
        "ACTIVE": 8760,
        "INACTIVE": 18136,
        "INVALID": 0,
        "MALICIOUS": 0,
        "SANE": 0,
        "VALID": 0,
        "total": 26896
    },
    "percentage": {
        "ACTIVE": 32.97447865692991,
        "INACTIVE": 67.4301011302796,
        "INVALID": 0,
        "MALICIOUS": 0,
        "SANE": 0,
        "VALID": 0,
        "total": 100.40457978720951
    }
}