{
    "counter": {
        "ACTIVE": 14546,
        "INACTIVE": 39784,
        "INVALID": 2,
        "MALICIOUS": 0,
        "SANE": 0,
        "VALID": 0,
        "total": 54332
    },
    "percentage": {
        "ACTIVE": 26.77391448397725,
        "INACTIVE": 73.2238827946698,
        "INVALID": 0.005313778627982358,
        "MALICIOUS": 0,
        "SANE": 0,
        "VALID": 0,
        "total": 100.00311105727504
    }
}