{
    "counter": {
        "ACTIVE": 66255,
        "INACTIVE": 82044,
        "INVALID": 5,
        "MALICIOUS": 0,
        "SANE": 0,
        "VALID": 0,
        "total": 148304
    },
    "percentage": {
        "ACTIVE": 44.68567266252555,
        "INACTIVE": 55.321501780127306,
        "INVALID": 0.004885913910196903,
        "MALICIOUS": 0,
        "SANE": 0,
        "VALID": 0,
        "total": 100.01206035656305
    }
}