{
    "counter": {
        "ACTIVE": 89024,
        "INACTIVE": 102050,
        "INVALID": 5,
        "MALICIOUS": 0,
        "SANE": 0,
        "VALID": 0,
        "total": 191079
    },
    "percentage": {
        "ACTIVE": 46.592104505654966,
        "INACTIVE": 53.40722947053313,
        "INVALID": 0.004885913910196903,
        "MALICIOUS": 0,
        "SANE": 0,
        "VALID": 0,
        "total": 100.0042198900983
    }
}