{
    "counter": {
        "ACTIVE": 39995,
        "INACTIVE": 64331,
        "INVALID": 5,
        "MALICIOUS": 0,
        "SANE": 0,
        "VALID": 0,
        "total": 104331
    },
    "percentage": {
        "ACTIVE": 38.334723140773114,
        "INACTIVE": 61.66580395314507,
        "INVALID": 0.004885913910196903,
        "MALICIOUS": 0,
        "SANE": 0,
        "VALID": 0,
        "total": 100.00541300782838
    }
}