{
    "counter": {
        "ACTIVE": 65388,
        "INACTIVE": 78842,
        "INVALID": 5,
        "MALICIOUS": 0,
        "SANE": 0,
        "VALID": 0,
        "total": 144235
    },
    "percentage": {
        "ACTIVE": 45.34346698473018,
        "INACTIVE": 54.662183242624884,
        "INVALID": 0.004885913910196903,
        "MALICIOUS": 0,
        "SANE": 0,
        "VALID": 0,
        "total": 100.01053614126526
    }
}