{
    "counter": {
        "ACTIVE": 92234,
        "INACTIVE": 102778,
        "INVALID": 6,
        "MALICIOUS": 0,
        "SANE": 0,
        "VALID": 0,
        "total": 195018
    },
    "percentage": {
        "ACTIVE": 47.29924461925836,
        "INACTIVE": 52.70180188495421,
        "INVALID": 0.003086832601068044,
        "MALICIOUS": 0,
        "SANE": 0,
        "VALID": 0,
        "total": 100.00413333681364
    }
}