{
    "counter": {
        "ACTIVE": 59259,
        "INACTIVE": 73252,
        "INVALID": 5,
        "MALICIOUS": 0,
        "SANE": 0,
        "VALID": 0,
        "total": 132516
    },
    "percentage": {
        "ACTIVE": 44.718711089310645,
        "INACTIVE": 55.27785324036343,
        "INVALID": 0.004885913910196903,
        "MALICIOUS": 0,
        "SANE": 0,
        "VALID": 0,
        "total": 100.00145024358427
    }
}