{
    "counter": {
        "ACTIVE": 12649,
        "INACTIVE": 32926,
        "INVALID": 2,
        "MALICIOUS": 0,
        "SANE": 0,
        "VALID": 0,
        "total": 45577
    },
    "percentage": {
        "ACTIVE": 27.820789161131394,
        "INACTIVE": 72.2425784935384,
        "INVALID": 0.005313778627982358,
        "MALICIOUS": 0,
        "SANE": 0,
        "VALID": 0,
        "total": 100.06868143329778
    }
}