{
    "counter": {
        "ACTIVE": 9323,
        "INACTIVE": 21779,
        "INVALID": 0,
        "MALICIOUS": 0,
        "SANE": 0,
        "VALID": 0,
        "total": 31102
    },
    "percentage": {
        "ACTIVE": 29.990027985974844,
        "INACTIVE": 70.02443572760595,
        "INVALID": 0,
        "MALICIOUS": 0,
        "SANE": 0,
        "VALID": 0,
        "total": 100.0144637135808
    }
}