{
    "counter": {
        "ACTIVE": 60175,
        "INACTIVE": 74453,
        "INVALID": 5,
        "MALICIOUS": 0,
        "SANE": 0,
        "VALID": 0,
        "total": 134633
    },
    "percentage": {
        "ACTIVE": 44.69557983555295,
        "INACTIVE": 55.40111169813005,
        "INVALID": 0.004885913910196903,
        "MALICIOUS": 0,
        "SANE": 0,
        "VALID": 0,
        "total": 100.1015774475932
    }
}