{
    "counter": {
        "ACTIVE": 8759,
        "INACTIVE": 18005,
        "INVALID": 0,
        "MALICIOUS": 0,
        "SANE": 0,
        "VALID": 0,
        "total": 26764
    },
    "percentage": {
        "ACTIVE": 33.01918799713499,
        "INACTIVE": 67.27320280974443,
        "INVALID": 0,
        "MALICIOUS": 0,
        "SANE": 0,
        "VALID": 0,
        "total": 100.29239080687942
    }
}