{
    "counter": {
        "ACTIVE": 77845,
        "INACTIVE": 94674,
        "INVALID": 5,
        "MALICIOUS": 0,
        "SANE": 0,
        "VALID": 0,
        "total": 172524
    },
    "percentage": {
        "ACTIVE": 45.12178156988674,
        "INACTIVE": 54.875843360923696,
        "INVALID": 0.004885913910196903,
        "MALICIOUS": 0,
        "SANE": 0,
        "VALID": 0,
        "total": 100.00251084472065
    }
}