{
    "counter": {
        "ACTIVE": 11679,
        "INACTIVE": 30434,
        "INVALID": 2,
        "MALICIOUS": 0,
        "SANE": 0,
        "VALID": 0,
        "total": 42115
    },
    "percentage": {
        "ACTIVE": 27.76219454216982,
        "INACTIVE": 72.2640389409949,
        "INVALID": 0.005313778627982358,
        "MALICIOUS": 0,
        "SANE": 0,
        "VALID": 0,
        "total": 100.0315472617927
    }
}