{
    "counter": {
        "ACTIVE": 59541,
        "INACTIVE": 73577,
        "INVALID": 5,
        "MALICIOUS": 0,
        "SANE": 0,
        "VALID": 0,
        "total": 133123
    },
    "percentage": {
        "ACTIVE": 44.72664172713751,
        "INACTIVE": 55.26993832771196,
        "INVALID": 0.004885913910196903,
        "MALICIOUS": 0,
        "SANE": 0,
        "VALID": 0,
        "total": 100.00146596875967
    }
}