{
    "counter": {
        "ACTIVE": 81050,
        "INACTIVE": 97428,
        "INVALID": 5,
        "MALICIOUS": 0,
        "SANE": 0,
        "VALID": 0,
        "total": 178483
    },
    "percentage": {
        "ACTIVE": 45.41074169944308,
        "INACTIVE": 54.5867113394553,
        "INVALID": 0.004885913910196903,
        "MALICIOUS": 0,
        "SANE": 0,
        "VALID": 0,
        "total": 100.00233895280859
    }
}