{
    "counter": {
        "ACTIVE": 94871,
        "INACTIVE": 103270,
        "INVALID": 6,
        "MALICIOUS": 0,
        "SANE": 0,
        "VALID": 0,
        "total": 198147
    },
    "percentage": {
        "ACTIVE": 47.87934149566481,
        "INACTIVE": 52.117872084866285,
        "INVALID": 0.003086832601068044,
        "MALICIOUS": 0,
        "SANE": 0,
        "VALID": 0,
        "total": 100.00030041313217
    }
}