{
    "counter": {
        "ACTIVE": 6536,
        "INACTIVE": 10332,
        "INVALID": 0,
        "MALICIOUS": 0,
        "SANE": 0,
        "VALID": 0,
        "total": 16868
    },
    "percentage": {
        "ACTIVE": 38.87699262431597,
        "INACTIVE": 61.252074934787764,
        "INVALID": 0,
        "MALICIOUS": 0,
        "SANE": 0,
        "VALID": 0,
        "total": 100.12906755910373
    }
}