{
    "counter": {
        "ACTIVE": 8068,
        "INACTIVE": 16893,
        "INVALID": 0,
        "MALICIOUS": 0,
        "SANE": 0,
        "VALID": 0,
        "total": 24961
    },
    "percentage": {
        "ACTIVE": 32.37430279683801,
        "INACTIVE": 67.67757702015143,
        "INVALID": 0,
        "MALICIOUS": 0,
        "SANE": 0,
        "VALID": 0,
        "total": 100.05187981698944
    }
}