{
    "counter": {
        "ACTIVE": 37951,
        "INACTIVE": 59896,
        "INVALID": 4,
        "MALICIOUS": 0,
        "SANE": 0,
        "VALID": 0,
        "total": 97851
    },
    "percentage": {
        "ACTIVE": 38.78527118314955,
        "INACTIVE": 61.2114337104373,
        "INVALID": 0.004526935264825713,
        "MALICIOUS": 0,
        "SANE": 0,
        "VALID": 0,
        "total": 100.00123182885166
    }
}