{
    "counter": {
        "ACTIVE": 69896,
        "INACTIVE": 86475,
        "INVALID": 5,
        "MALICIOUS": 0,
        "SANE": 0,
        "VALID": 0,
        "total": 156376
    },
    "percentage": {
        "ACTIVE": 44.69739601984959,
        "INACTIVE": 55.46042251895178,
        "INVALID": 0.004885913910196903,
        "MALICIOUS": 0,
        "SANE": 0,
        "VALID": 0,
        "total": 100.16270445271157
    }
}