{
    "counter": {
        "ACTIVE": 3157,
        "INACTIVE": 7217,
        "INVALID": 0,
        "MALICIOUS": 0,
        "SANE": 0,
        "VALID": 0,
        "total": 10374
    },
    "percentage": {
        "ACTIVE": 31.898555117712437,
        "INACTIVE": 69.56815114709852,
        "INVALID": 0,
        "MALICIOUS": 0,
        "SANE": 0,
        "VALID": 0,
        "total": 101.46670626481095
    }
}