{
    "counter": {
        "ACTIVE": 103508,
        "INACTIVE": 105601,
        "INVALID": 6,
        "MALICIOUS": 0,
        "SANE": 0,
        "VALID": 0,
        "total": 209115
    },
    "percentage": {
        "ACTIVE": 49.49812304234512,
        "INACTIVE": 50.50166424362996,
        "INVALID": 0.003086832601068044,
        "MALICIOUS": 0,
        "SANE": 0,
        "VALID": 0,
        "total": 100.00287411857616
    }
}