{
    "counter": {
        "ACTIVE": 104861,
        "INACTIVE": 106496,
        "INVALID": 6,
        "MALICIOUS": 0,
        "SANE": 0,
        "VALID": 0,
        "total": 211363
    },
    "percentage": {
        "ACTIVE": 49.61180528285462,
        "INACTIVE": 50.39489312568911,
        "INVALID": 0.003086832601068044,
        "MALICIOUS": 0,
        "SANE": 0,
        "VALID": 0,
        "total": 100.0097852411448
    }
}