{
    "counter": {
        "ACTIVE": 9453,
        "INACTIVE": 23264,
        "INVALID": 1,
        "MALICIOUS": 0,
        "SANE": 0,
        "VALID": 0,
        "total": 32718
    },
    "percentage": {
        "ACTIVE": 28.95075339948548,
        "INACTIVE": 71.10459074515558,
        "INVALID": 0.0031370580669448193,
        "MALICIOUS": 0,
        "SANE": 0,
        "VALID": 0,
        "total": 100.058481202708
    }
}