{
    "counter": {
        "ACTIVE": 11458,
        "INACTIVE": 29648,
        "INVALID": 2,
        "MALICIOUS": 0,
        "SANE": 0,
        "VALID": 0,
        "total": 41108
    },
    "percentage": {
        "ACTIVE": 27.88513020199562,
        "INACTIVE": 72.12221465408193,
        "INVALID": 0.005313778627982358,
        "MALICIOUS": 0,
        "SANE": 0,
        "VALID": 0,
        "total": 100.01265863470553
    }
}