{
    "counter": {
        "ACTIVE": 8650,
        "INACTIVE": 17567,
        "INVALID": 0,
        "MALICIOUS": 0,
        "SANE": 0,
        "VALID": 0,
        "total": 26217
    },
    "percentage": {
        "ACTIVE": 33.05311425296141,
        "INACTIVE": 67.0061410535149,
        "INVALID": 0,
        "MALICIOUS": 0,
        "SANE": 0,
        "VALID": 0,
        "total": 100.0592553064763
    }
}