{
    "counter": {
        "ACTIVE": 65653,
        "INACTIVE": 79410,
        "INVALID": 5,
        "MALICIOUS": 0,
        "SANE": 0,
        "VALID": 0,
        "total": 145068
    },
    "percentage": {
        "ACTIVE": 45.27043799646955,
        "INACTIVE": 54.739846141120026,
        "INVALID": 0.004885913910196903,
        "MALICIOUS": 0,
        "SANE": 0,
        "VALID": 0,
        "total": 100.01517005149978
    }
}