{
    "counter": {
        "ACTIVE": 78818,
        "INACTIVE": 94825,
        "INVALID": 5,
        "MALICIOUS": 0,
        "SANE": 0,
        "VALID": 0,
        "total": 173648
    },
    "percentage": {
        "ACTIVE": 45.389523634018246,
        "INACTIVE": 54.61074188829634,
        "INVALID": 0.004885913910196903,
        "MALICIOUS": 0,
        "SANE": 0,
        "VALID": 0,
        "total": 100.00515143622478
    }
}