{
    "counter": {
        "ACTIVE": 40197,
        "INACTIVE": 64473,
        "INVALID": 5,
        "MALICIOUS": 0,
        "SANE": 0,
        "VALID": 0,
        "total": 104675
    },
    "percentage": {
        "ACTIVE": 38.40171960831144,
        "INACTIVE": 61.601742769513,
        "INVALID": 0.004885913910196903,
        "MALICIOUS": 0,
        "SANE": 0,
        "VALID": 0,
        "total": 100.00834829173463
    }
}