{
    "counter": {
        "ACTIVE": 18673,
        "INACTIVE": 45285,
        "INVALID": 2,
        "MALICIOUS": 0,
        "SANE": 0,
        "VALID": 0,
        "total": 63960
    },
    "percentage": {
        "ACTIVE": 29.228168484981296,
        "INACTIVE": 70.80206378986867,
        "INVALID": 0.005313778627982358,
        "MALICIOUS": 0,
        "SANE": 0,
        "VALID": 0,
        "total": 100.03554605347794
    }
}