{
    "counter": {
        "ACTIVE": 9416,
        "INACTIVE": 22914,
        "INVALID": 1,
        "MALICIOUS": 0,
        "SANE": 0,
        "VALID": 0,
        "total": 32331
    },
    "percentage": {
        "ACTIVE": 29.123751198540102,
        "INACTIVE": 70.89289029144236,
        "INVALID": 0.0031370580669448193,
        "MALICIOUS": 0,
        "SANE": 0,
        "VALID": 0,
        "total": 100.0197785480494
    }
}