{
    "counter": {
        "ACTIVE": 74568,
        "INACTIVE": 92184,
        "INVALID": 5,
        "MALICIOUS": 0,
        "SANE": 0,
        "VALID": 0,
        "total": 166757
    },
    "percentage": {
        "ACTIVE": 44.716563622516595,
        "INACTIVE": 55.28110101646128,
        "INVALID": 0.004885913910196903,
        "MALICIOUS": 0,
        "SANE": 0,
        "VALID": 0,
        "total": 100.00255055288808
    }
}