{
    "counter": {
        "ACTIVE": 59738,
        "INACTIVE": 74176,
        "INVALID": 5,
        "MALICIOUS": 0,
        "SANE": 0,
        "VALID": 0,
        "total": 133919
    },
    "percentage": {
        "ACTIVE": 44.608227484187964,
        "INACTIVE": 55.38870511279206,
        "INVALID": 0.004885913910196903,
        "MALICIOUS": 0,
        "SANE": 0,
        "VALID": 0,
        "total": 100.00181851089023
    }
}