{
    "counter": {
        "ACTIVE": 109438,
        "INACTIVE": 108067,
        "INVALID": 6,
        "MALICIOUS": 0,
        "SANE": 0,
        "VALID": 0,
        "total": 217511
    },
    "percentage": {
        "ACTIVE": 50.31400855133097,
        "INACTIVE": 49.68346428456492,
        "INVALID": 0.003086832601068044,
        "MALICIOUS": 0,
        "SANE": 0,
        "VALID": 0,
        "total": 100.00055966849696
    }
}