{
    "counter": {
        "ACTIVE": 542,
        "INACTIVE": 849,
        "INVALID": 0,
        "MALICIOUS": 0,
        "SANE": 0,
        "VALID": 0,
        "total": 1391
    },
    "percentage": {
        "ACTIVE": 39.13357400722022,
        "INACTIVE": 61.0352264557872,
        "INVALID": 0,
        "MALICIOUS": 0,
        "SANE": 0,
        "VALID": 0,
        "total": 100.16880046300741
    }
}