{
    "counter": {
        "ACTIVE": 6718,
        "INACTIVE": 11481,
        "INVALID": 0,
        "MALICIOUS": 0,
        "SANE": 0,
        "VALID": 0,
        "total": 18199
    },
    "percentage": {
        "ACTIVE": 36.934410907691465,
        "INACTIVE": 63.08588383977142,
        "INVALID": 0,
        "MALICIOUS": 0,
        "SANE": 0,
        "VALID": 0,
        "total": 100.02029474746288
    }
}