{
    "counter": {
        "ACTIVE": 6716,
        "INACTIVE": 11088,
        "INVALID": 0,
        "MALICIOUS": 0,
        "SANE": 0,
        "VALID": 0,
        "total": 17804
    },
    "percentage": {
        "ACTIVE": 38.1244323342416,
        "INACTIVE": 62.27813974387778,
        "INVALID": 0,
        "MALICIOUS": 0,
        "SANE": 0,
        "VALID": 0,
        "total": 100.40257207811938
    }
}