{
    "counter": {
        "ACTIVE": 8023,
        "INACTIVE": 16184,
        "INVALID": 0,
        "MALICIOUS": 0,
        "SANE": 0,
        "VALID": 0,
        "total": 24207
    },
    "percentage": {
        "ACTIVE": 33.15289256198347,
        "INACTIVE": 66.85669434461106,
        "INVALID": 0,
        "MALICIOUS": 0,
        "SANE": 0,
        "VALID": 0,
        "total": 100.00958690659454
    }
}