{
    "counter": {
        "ACTIVE": 8760,
        "INACTIVE": 20261,
        "INVALID": 0,
        "MALICIOUS": 0,
        "SANE": 0,
        "VALID": 0,
        "total": 29021
    },
    "percentage": {
        "ACTIVE": 30.67119498616995,
        "INACTIVE": 69.81496157954585,
        "INVALID": 0,
        "MALICIOUS": 0,
        "SANE": 0,
        "VALID": 0,
        "total": 100.4861565657158
    }
}