{
    "counter": {
        "ACTIVE": 10413,
        "INACTIVE": 26395,
        "INVALID": 1,
        "MALICIOUS": 0,
        "SANE": 0,
        "VALID": 0,
        "total": 36809
    },
    "percentage": {
        "ACTIVE": 28.28927707897525,
        "INACTIVE": 71.77820683653768,
        "INVALID": 0.0031370580669448193,
        "MALICIOUS": 0,
        "SANE": 0,
        "VALID": 0,
        "total": 100.07062097357986
    }
}