{
    "counter": {
        "ACTIVE": 10909,
        "INACTIVE": 27662,
        "INVALID": 2,
        "MALICIOUS": 0,
        "SANE": 0,
        "VALID": 0,
        "total": 38573
    },
    "percentage": {
        "ACTIVE": 28.380769030646757,
        "INACTIVE": 71.71337464029243,
        "INVALID": 0.005313778627982358,
        "MALICIOUS": 0,
        "SANE": 0,
        "VALID": 0,
        "total": 100.09945744956717
    }
}