{
    "counter": {
        "ACTIVE": 82368,
        "INACTIVE": 99302,
        "INVALID": 5,
        "MALICIOUS": 0,
        "SANE": 0,
        "VALID": 0,
        "total": 181675
    },
    "percentage": {
        "ACTIVE": 45.34010029339396,
        "INACTIVE": 54.659144075959816,
        "INVALID": 0.004885913910196903,
        "MALICIOUS": 0,
        "SANE": 0,
        "VALID": 0,
        "total": 100.00413028326398
    }
}