{
    "counter": {
        "ACTIVE": 11208,
        "INACTIVE": 29009,
        "INVALID": 2,
        "MALICIOUS": 0,
        "SANE": 0,
        "VALID": 0,
        "total": 40219
    },
    "percentage": {
        "ACTIVE": 27.890310058229232,
        "INACTIVE": 72.1276013824312,
        "INVALID": 0.005313778627982358,
        "MALICIOUS": 0,
        "SANE": 0,
        "VALID": 0,
        "total": 100.0232252192884
    }
}