{
    "counter": {
        "ACTIVE": 9175,
        "INACTIVE": 21508,
        "INVALID": 0,
        "MALICIOUS": 0,
        "SANE": 0,
        "VALID": 0,
        "total": 30683
    },
    "percentage": {
        "ACTIVE": 29.903526497620756,
        "INACTIVE": 70.09744809829547,
        "INVALID": 0,
        "MALICIOUS": 0,
        "SANE": 0,
        "VALID": 0,
        "total": 100.00097459591623
    }
}