{
    "counter": {
        "ACTIVE": 14681,
        "INACTIVE": 40101,
        "INVALID": 2,
        "MALICIOUS": 0,
        "SANE": 0,
        "VALID": 0,
        "total": 54784
    },
    "percentage": {
        "ACTIVE": 26.81363237872589,
        "INACTIVE": 73.19837908878505,
        "INVALID": 0.005313778627982358,
        "MALICIOUS": 0,
        "SANE": 0,
        "VALID": 0,
        "total": 100.01732524613892
    }
}