{
    "counter": {
        "ACTIVE": 2385,
        "INACTIVE": 5614,
        "INVALID": 0,
        "MALICIOUS": 0,
        "SANE": 0,
        "VALID": 0,
        "total": 7999
    },
    "percentage": {
        "ACTIVE": 29.81622702837855,
        "INACTIVE": 70.58971457311706,
        "INVALID": 0,
        "MALICIOUS": 0,
        "SANE": 0,
        "VALID": 0,
        "total": 100.40594160149561
    }
}