{
    "counter": {
        "ACTIVE": 430,
        "INACTIVE": 436,
        "INVALID": 0,
        "MALICIOUS": 0,
        "SANE": 0,
        "VALID": 0,
        "total": 866
    },
    "percentage": {
        "ACTIVE": 51.49700598802395,
        "INACTIVE": 50.34642032332564,
        "INVALID": 0,
        "MALICIOUS": 0,
        "SANE": 0,
        "VALID": 0,
        "total": 101.84342631134959
    }
}