{
    "counter": {
        "ACTIVE": 37922,
        "INACTIVE": 59790,
        "INVALID": 4,
        "MALICIOUS": 0,
        "SANE": 0,
        "VALID": 0,
        "total": 97716
    },
    "percentage": {
        "ACTIVE": 39.43430562054802,
        "INACTIVE": 61.18752302591182,
        "INVALID": 0.004526935264825713,
        "MALICIOUS": 0,
        "SANE": 0,
        "VALID": 0,
        "total": 100.62635558172467
    }
}