{
    "counter": {
        "ACTIVE": 91011,
        "INACTIVE": 102566,
        "INVALID": 5,
        "MALICIOUS": 0,
        "SANE": 0,
        "VALID": 0,
        "total": 193582
    },
    "percentage": {
        "ACTIVE": 47.014670937080275,
        "INACTIVE": 52.98323191205794,
        "INVALID": 0.004885913910196903,
        "MALICIOUS": 0,
        "SANE": 0,
        "VALID": 0,
        "total": 100.00278876304841
    }
}