{
    "counter": {
        "ACTIVE": 8761,
        "INACTIVE": 20509,
        "INVALID": 0,
        "MALICIOUS": 0,
        "SANE": 0,
        "VALID": 0,
        "total": 29270
    },
    "percentage": {
        "ACTIVE": 30.029134532990575,
        "INACTIVE": 70.06832934745474,
        "INVALID": 0,
        "MALICIOUS": 0,
        "SANE": 0,
        "VALID": 0,
        "total": 100.0974638804453
    }
}