{
    "counter": {
        "ACTIVE": 980,
        "INACTIVE": 2999,
        "INVALID": 0,
        "MALICIOUS": 0,
        "SANE": 0,
        "VALID": 0,
        "total": 3979
    },
    "percentage": {
        "ACTIVE": 24.64788732394366,
        "INACTIVE": 75.37069615481276,
        "INVALID": 0,
        "MALICIOUS": 0,
        "SANE": 0,
        "VALID": 0,
        "total": 100.01858347875643
    }
}