{
    "counter": {
        "ACTIVE": 8655,
        "INACTIVE": 17565,
        "INVALID": 0,
        "MALICIOUS": 0,
        "SANE": 0,
        "VALID": 0,
        "total": 26220
    },
    "percentage": {
        "ACTIVE": 33.0722200993504,
        "INACTIVE": 66.99084668192219,
        "INVALID": 0,
        "MALICIOUS": 0,
        "SANE": 0,
        "VALID": 0,
        "total": 100.0630667812726
    }
}