{
    "counter": {
        "ACTIVE": 10616,
        "INACTIVE": 26622,
        "INVALID": 1,
        "MALICIOUS": 0,
        "SANE": 0,
        "VALID": 0,
        "total": 37239
    },
    "percentage": {
        "ACTIVE": 28.603761383844372,
        "INACTIVE": 71.48956738902763,
        "INVALID": 0.0031370580669448193,
        "MALICIOUS": 0,
        "SANE": 0,
        "VALID": 0,
        "total": 100.09646583093894
    }
}