{
    "counter": {
        "ACTIVE": 3155,
        "INACTIVE": 6990,
        "INVALID": 0,
        "MALICIOUS": 0,
        "SANE": 0,
        "VALID": 0,
        "total": 10145
    },
    "percentage": {
        "ACTIVE": 31.878346973830453,
        "INACTIVE": 68.9009364218827,
        "INVALID": 0,
        "MALICIOUS": 0,
        "SANE": 0,
        "VALID": 0,
        "total": 100.77928339571315
    }
}