{
    "counter": {
        "ACTIVE": 1286,
        "INACTIVE": 3725,
        "INVALID": 0,
        "MALICIOUS": 0,
        "SANE": 0,
        "VALID": 0,
        "total": 5011
    },
    "percentage": {
        "ACTIVE": 25.68404234072299,
        "INACTIVE": 74.33645978846538,
        "INVALID": 0,
        "MALICIOUS": 0,
        "SANE": 0,
        "VALID": 0,
        "total": 100.02050212918837
    }
}