{
    "counter": {
        "ACTIVE": 48367,
        "INACTIVE": 66887,
        "INVALID": 5,
        "MALICIOUS": 0,
        "SANE": 0,
        "VALID": 0,
        "total": 115259
    },
    "percentage": {
        "ACTIVE": 41.965571693824074,
        "INACTIVE": 58.03191074015912,
        "INVALID": 0.004885913910196903,
        "MALICIOUS": 0,
        "SANE": 0,
        "VALID": 0,
        "total": 100.0023683478934
    }
}