{
    "counter": {
        "ACTIVE": 6821,
        "INACTIVE": 13017,
        "INVALID": 0,
        "MALICIOUS": 0,
        "SANE": 0,
        "VALID": 0,
        "total": 19838
    },
    "percentage": {
        "ACTIVE": 34.5507040826664,
        "INACTIVE": 65.61649359814497,
        "INVALID": 0,
        "MALICIOUS": 0,
        "SANE": 0,
        "VALID": 0,
        "total": 100.16719768081137
    }
}