{
    "counter": {
        "ACTIVE": 7775,
        "INACTIVE": 14362,
        "INVALID": 0,
        "MALICIOUS": 0,
        "SANE": 0,
        "VALID": 0,
        "total": 22137
    },
    "percentage": {
        "ACTIVE": 35.19214230751822,
        "INACTIVE": 64.87780638749605,
        "INVALID": 0,
        "MALICIOUS": 0,
        "SANE": 0,
        "VALID": 0,
        "total": 100.06994869501426
    }
}