{
    "counter": {
        "ACTIVE": 8073,
        "INACTIVE": 16975,
        "INVALID": 0,
        "MALICIOUS": 0,
        "SANE": 0,
        "VALID": 0,
        "total": 25048
    },
    "percentage": {
        "ACTIVE": 32.29070837166513,
        "INACTIVE": 67.76988182689237,
        "INVALID": 0,
        "MALICIOUS": 0,
        "SANE": 0,
        "VALID": 0,
        "total": 100.0605901985575
    }
}