{
    "counter": {
        "ACTIVE": 13230,
        "INACTIVE": 37574,
        "INVALID": 2,
        "MALICIOUS": 0,
        "SANE": 0,
        "VALID": 0,
        "total": 50806
    },
    "percentage": {
        "ACTIVE": 26.07513106547361,
        "INACTIVE": 73.95583198834784,
        "INVALID": 0.005313778627982358,
        "MALICIOUS": 0,
        "SANE": 0,
        "VALID": 0,
        "total": 100.03627683244943
    }
}