{
    "counter": {
        "ACTIVE": 87565,
        "INACTIVE": 101600,
        "INVALID": 5,
        "MALICIOUS": 0,
        "SANE": 0,
        "VALID": 0,
        "total": 189170
    },
    "percentage": {
        "ACTIVE": 46.28905217529206,
        "INACTIVE": 53.71199585529481,
        "INVALID": 0.004885913910196903,
        "MALICIOUS": 0,
        "SANE": 0,
        "VALID": 0,
        "total": 100.00593394449707
    }
}