{
    "counter": {
        "ACTIVE": 8760,
        "INACTIVE": 17850,
        "INVALID": 0,
        "MALICIOUS": 0,
        "SANE": 0,
        "VALID": 0,
        "total": 26610
    },
    "percentage": {
        "ACTIVE": 32.97447865692991,
        "INACTIVE": 67.08004509582864,
        "INVALID": 0,
        "MALICIOUS": 0,
        "SANE": 0,
        "VALID": 0,
        "total": 100.05452375275854
    }
}