{
    "counter": {
        "ACTIVE": 38404,
        "INACTIVE": 60761,
        "INVALID": 4,
        "MALICIOUS": 0,
        "SANE": 0,
        "VALID": 0,
        "total": 99169
    },
    "percentage": {
        "ACTIVE": 38.77429451259528,
        "INACTIVE": 61.270154987949866,
        "INVALID": 0.004526935264825713,
        "MALICIOUS": 0,
        "SANE": 0,
        "VALID": 0,
        "total": 100.04897643580996
    }
}