{
    "counter": {
        "ACTIVE": 6820,
        "INACTIVE": 12888,
        "INVALID": 0,
        "MALICIOUS": 0,
        "SANE": 0,
        "VALID": 0,
        "total": 19708
    },
    "percentage": {
        "ACTIVE": 34.608748604485946,
        "INACTIVE": 65.39476354779785,
        "INVALID": 0,
        "MALICIOUS": 0,
        "SANE": 0,
        "VALID": 0,
        "total": 100.0035121522838
    }
}