{
    "counter": {
        "ACTIVE": 99516,
        "INACTIVE": 104521,
        "INVALID": 6,
        "MALICIOUS": 0,
        "SANE": 0,
        "VALID": 0,
        "total": 204043
    },
    "percentage": {
        "ACTIVE": 48.772789649088416,
        "INACTIVE": 51.22498689001828,
        "INVALID": 0.003086832601068044,
        "MALICIOUS": 0,
        "SANE": 0,
        "VALID": 0,
        "total": 100.00086337170777
    }
}