{
    "counter": {
        "ACTIVE": 38404,
        "INACTIVE": 61135,
        "INVALID": 4,
        "MALICIOUS": 0,
        "SANE": 0,
        "VALID": 0,
        "total": 99543
    },
    "percentage": {
        "ACTIVE": 38.77429451259528,
        "INACTIVE": 61.41566961011824,
        "INVALID": 0.004526935264825713,
        "MALICIOUS": 0,
        "SANE": 0,
        "VALID": 0,
        "total": 100.19449105797834
    }
}