{
    "counter": {
        "ACTIVE": 7774,
        "INACTIVE": 14763,
        "INVALID": 0,
        "MALICIOUS": 0,
        "SANE": 0,
        "VALID": 0,
        "total": 22537
    },
    "percentage": {
        "ACTIVE": 34.82194848824188,
        "INACTIVE": 65.50561299196876,
        "INVALID": 0,
        "MALICIOUS": 0,
        "SANE": 0,
        "VALID": 0,
        "total": 100.32756148021065
    }
}