{
    "counter": {
        "ACTIVE": 90426,
        "INACTIVE": 102353,
        "INVALID": 5,
        "MALICIOUS": 0,
        "SANE": 0,
        "VALID": 0,
        "total": 192784
    },
    "percentage": {
        "ACTIVE": 46.90534484189559,
        "INACTIVE": 53.100049285362246,
        "INVALID": 0.004885913910196903,
        "MALICIOUS": 0,
        "SANE": 0,
        "VALID": 0,
        "total": 100.01028004116803
    }
}