{
    "counter": {
        "ACTIVE": 108452,
        "INACTIVE": 107662,
        "INVALID": 6,
        "MALICIOUS": 0,
        "SANE": 0,
        "VALID": 0,
        "total": 216120
    },
    "percentage": {
        "ACTIVE": 50.18138071441792,
        "INACTIVE": 49.81745660834841,
        "INVALID": 0.003086832601068044,
        "MALICIOUS": 0,
        "SANE": 0,
        "VALID": 0,
        "total": 100.00192415536739
    }
}