{
    "counter": {
        "ACTIVE": 9453,
        "INACTIVE": 23626,
        "INVALID": 1,
        "MALICIOUS": 0,
        "SANE": 0,
        "VALID": 0,
        "total": 33080
    },
    "percentage": {
        "ACTIVE": 28.95075339948548,
        "INACTIVE": 71.42079806529625,
        "INVALID": 0.0031370580669448193,
        "MALICIOUS": 0,
        "SANE": 0,
        "VALID": 0,
        "total": 100.37468852284867
    }
}