{
    "counter": {
        "ACTIVE": 59313,
        "INACTIVE": 73292,
        "INVALID": 5,
        "MALICIOUS": 0,
        "SANE": 0,
        "VALID": 0,
        "total": 132610
    },
    "percentage": {
        "ACTIVE": 44.727396123972554,
        "INACTIVE": 55.27008378139917,
        "INVALID": 0.004885913910196903,
        "MALICIOUS": 0,
        "SANE": 0,
        "VALID": 0,
        "total": 100.00236581928193
    }
}