{
    "counter": {
        "ACTIVE": 89415,
        "INACTIVE": 102094,
        "INVALID": 5,
        "MALICIOUS": 0,
        "SANE": 0,
        "VALID": 0,
        "total": 191514
    },
    "percentage": {
        "ACTIVE": 46.688736534856645,
        "INACTIVE": 53.30889647754211,
        "INVALID": 0.004885913910196903,
        "MALICIOUS": 0,
        "SANE": 0,
        "VALID": 0,
        "total": 100.00251892630895
    }
}