{
    "counter": {
        "ACTIVE": 73820,
        "INACTIVE": 91882,
        "INVALID": 5,
        "MALICIOUS": 0,
        "SANE": 0,
        "VALID": 0,
        "total": 165707
    },
    "percentage": {
        "ACTIVE": 44.54851032243659,
        "INACTIVE": 55.47692939343807,
        "INVALID": 0.004885913910196903,
        "MALICIOUS": 0,
        "SANE": 0,
        "VALID": 0,
        "total": 100.03032562978485
    }
}