{
    "counter": {
        "ACTIVE": 38401,
        "INACTIVE": 62393,
        "INVALID": 4,
        "MALICIOUS": 0,
        "SANE": 0,
        "VALID": 0,
        "total": 100798
    },
    "percentage": {
        "ACTIVE": 38.7517029113477,
        "INACTIVE": 61.89904561598444,
        "INVALID": 0.004526935264825713,
        "MALICIOUS": 0,
        "SANE": 0,
        "VALID": 0,
        "total": 100.65527546259696
    }
}