{
    "counter": {
        "ACTIVE": 8759,
        "INACTIVE": 19596,
        "INVALID": 0,
        "MALICIOUS": 0,
        "SANE": 0,
        "VALID": 0,
        "total": 28355
    },
    "percentage": {
        "ACTIVE": 33.01918799713499,
        "INACTIVE": 69.10950449656146,
        "INVALID": 0,
        "MALICIOUS": 0,
        "SANE": 0,
        "VALID": 0,
        "total": 102.12869249369645
    }
}