{
    "counter": {
        "ACTIVE": 13070,
        "INACTIVE": 36698,
        "INVALID": 2,
        "MALICIOUS": 0,
        "SANE": 0,
        "VALID": 0,
        "total": 49770
    },
    "percentage": {
        "ACTIVE": 26.32586057566419,
        "INACTIVE": 73.73518183644767,
        "INVALID": 0.005313778627982358,
        "MALICIOUS": 0,
        "SANE": 0,
        "VALID": 0,
        "total": 100.06635619073984
    }
}