{
    "counter": {
        "ACTIVE": 81554,
        "INACTIVE": 97749,
        "INVALID": 5,
        "MALICIOUS": 0,
        "SANE": 0,
        "VALID": 0,
        "total": 179308
    },
    "percentage": {
        "ACTIVE": 45.48390155212127,
        "INACTIVE": 54.51457826756196,
        "INVALID": 0.004885913910196903,
        "MALICIOUS": 0,
        "SANE": 0,
        "VALID": 0,
        "total": 100.00336573359343
    }
}