{
    "counter": {
        "ACTIVE": 66335,
        "INACTIVE": 82227,
        "INVALID": 5,
        "MALICIOUS": 0,
        "SANE": 0,
        "VALID": 0,
        "total": 148567
    },
    "percentage": {
        "ACTIVE": 44.6880894637564,
        "INACTIVE": 55.34674591261855,
        "INVALID": 0.004885913910196903,
        "MALICIOUS": 0,
        "SANE": 0,
        "VALID": 0,
        "total": 100.03972129028516
    }
}