{
    "counter": {
        "ACTIVE": 82397,
        "INACTIVE": 99654,
        "INVALID": 5,
        "MALICIOUS": 0,
        "SANE": 0,
        "VALID": 0,
        "total": 182056
    },
    "percentage": {
        "ACTIVE": 45.27233067586798,
        "INACTIVE": 54.738102561849104,
        "INVALID": 0.004885913910196903,
        "MALICIOUS": 0,
        "SANE": 0,
        "VALID": 0,
        "total": 100.01531915162728
    }
}