{
    "counter": {
        "ACTIVE": 71909,
        "INACTIVE": 89040,
        "INVALID": 5,
        "MALICIOUS": 0,
        "SANE": 0,
        "VALID": 0,
        "total": 160954
    },
    "percentage": {
        "ACTIVE": 44.677295094189574,
        "INACTIVE": 55.32015358425389,
        "INVALID": 0.004885913910196903,
        "MALICIOUS": 0,
        "SANE": 0,
        "VALID": 0,
        "total": 100.00233459235366
    }
}