{
    "counter": {
        "ACTIVE": 82407,
        "INACTIVE": 99777,
        "INVALID": 5,
        "MALICIOUS": 0,
        "SANE": 0,
        "VALID": 0,
        "total": 182189
    },
    "percentage": {
        "ACTIVE": 45.23308980530565,
        "INACTIVE": 54.76565544571846,
        "INVALID": 0.004885913910196903,
        "MALICIOUS": 0,
        "SANE": 0,
        "VALID": 0,
        "total": 100.0036311649343
    }
}