{
    "counter": {
        "ACTIVE": 37920,
        "INACTIVE": 59778,
        "INVALID": 4,
        "MALICIOUS": 0,
        "SANE": 0,
        "VALID": 0,
        "total": 97702
    },
    "percentage": {
        "ACTIVE": 39.452738906518235,
        "INACTIVE": 61.18400851569057,
        "INVALID": 0.004526935264825713,
        "MALICIOUS": 0,
        "SANE": 0,
        "VALID": 0,
        "total": 100.64127435747362
    }
}