{
    "counter": {
        "ACTIVE": 86861,
        "INACTIVE": 101439,
        "INVALID": 5,
        "MALICIOUS": 0,
        "SANE": 0,
        "VALID": 0,
        "total": 188305
    },
    "percentage": {
        "ACTIVE": 46.12782453997504,
        "INACTIVE": 53.87066452116558,
        "INVALID": 0.004885913910196903,
        "MALICIOUS": 0,
        "SANE": 0,
        "VALID": 0,
        "total": 100.00337497505082
    }
}