{
    "counter": {
        "ACTIVE": 77457,
        "INACTIVE": 94529,
        "INVALID": 5,
        "MALICIOUS": 0,
        "SANE": 0,
        "VALID": 0,
        "total": 171991
    },
    "percentage": {
        "ACTIVE": 45.03549604339762,
        "INACTIVE": 54.96191639048782,
        "INVALID": 0.004885913910196903,
        "MALICIOUS": 0,
        "SANE": 0,
        "VALID": 0,
        "total": 100.00229834779564
    }
}