{
    "counter": {
        "ACTIVE": 9407,
        "INACTIVE": 22758,
        "INVALID": 1,
        "MALICIOUS": 0,
        "SANE": 0,
        "VALID": 0,
        "total": 32166
    },
    "percentage": {
        "ACTIVE": 29.436430203085397,
        "INACTIVE": 70.75172542436113,
        "INVALID": 0.0031370580669448193,
        "MALICIOUS": 0,
        "SANE": 0,
        "VALID": 0,
        "total": 100.19129268551346
    }
}