{
    "counter": {
        "ACTIVE": 37837,
        "INACTIVE": 57641,
        "INVALID": 4,
        "MALICIOUS": 0,
        "SANE": 0,
        "VALID": 0,
        "total": 95482
    },
    "percentage": {
        "ACTIVE": 39.62736431997654,
        "INACTIVE": 60.448215109694196,
        "INVALID": 0.004526935264825713,
        "MALICIOUS": 0,
        "SANE": 0,
        "VALID": 0,
        "total": 100.08010636493556
    }
}