{
    "counter": {
        "ACTIVE": 7776,
        "INACTIVE": 14629,
        "INVALID": 0,
        "MALICIOUS": 0,
        "SANE": 0,
        "VALID": 0,
        "total": 22405
    },
    "percentage": {
        "ACTIVE": 34.83090705487122,
        "INACTIVE": 65.29346128096407,
        "INVALID": 0,
        "MALICIOUS": 0,
        "SANE": 0,
        "VALID": 0,
        "total": 100.12436833583529
    }
}