{
    "counter": {
        "ACTIVE": 54275,
        "INACTIVE": 70316,
        "INVALID": 5,
        "MALICIOUS": 0,
        "SANE": 0,
        "VALID": 0,
        "total": 124596
    },
    "percentage": {
        "ACTIVE": 43.56078846832964,
        "INACTIVE": 56.71788667069974,
        "INVALID": 0.004885913910196903,
        "MALICIOUS": 0,
        "SANE": 0,
        "VALID": 0,
        "total": 100.28356105293959
    }
}